company,url
ＴＯＰＰＡＮエッジ株式会社,https://www.edge.toppan.com
株式会社キタムラ,https://www.kitamura.co.jp
佐川印刷株式会社,https://www.spcom.co.jp
株式会社スタジオアリス,https://www.studio-alice.co.jp
サングローブ株式会社,https://www.sungrove.co.jp
株式会社平安閣,https://www.heiankaku.biz
株式会社一蔵,https://www.ichikura.jp
株式会社プラザクリエイト,https://www.plazacreate.co.jp
株式会社ダッド,https://www.dad.co.jp
株式会社メモリード,https://kanto.memolead.co.jp
ワタベウェディング株式会社,https://www.watabe-wedding.co.jp
京都きもの友禅株式会社,https://www.kyotokimonoyuzen.co.jp
株式会社三鷹倉庫,https://www.mitaka-soko.co.jp
株式会社山口シネマ,https://www.yamaguchi-cinema.co.jp
株式会社レクスト,https://lextribe.com
株式会社コイデカメラ,https://www.koide.jp
株式会社横浜ベイホテル東急,https://ybht.co.jp
ダイコロ株式会社,https://www.daicolo.co.jp
株式会社フジプランニング,https://fujiplanning.co
ＢＬＤ　ＷＥＤＤＩＮＧＳ株式会社,https://www.bld-w.jp
株式会社フォトワークス,https://www.pho.olc.co.jp
株式会社ウシオ,https://ushio-net.co.jp
エムシーツー株式会社,https://www.mc2-ltd.jp
株式会社スタジオアイ,https://imaro.jp
千株式会社,https://sencorp.co.jp
大村印刷株式会社,https://www.omura.co.jp
株式会社バドインターナショナル,https://www.bud-international.co.jp
株式会社ＭＤＳ,https://www.mds-fund.com
東邦航空株式会社,http://www.tohoair.co.jp
株式会社山川印刷所,https://www.yamakawa-p.co.jp
株式会社朝日新聞メディアプロダクション,https://a-production.co.jp
株式会社函館平安システム,http://heian-system.com
株式会社エアーエンターテイメント,https://www.pdic.co.jp
有限会社三景スタジオ,https://www.sankeistudio.co.jp
株式会社丸岸,https://cgworld.jp
株式会社さくらコマース,https://sakura-com.com
株式会社リーガロイヤルホテル小倉,https://www.rihga.co.jp
株式会社大進創寫舘,https://so-sha.co.jp
株式会社ジェイ・アイ・エム,https://www.jim.co.jp
株式会社ベルクリエイト,https://bellcreate.jp
株式会社東冠,https://tokangroup.co.jp
株式会社マイム,https://www.mime-corp.jp
株式会社新潟フジカラー,http://www.fuji-icom.co.jp
株式会社加藤文明社印刷所,https://www.bunmeisha.co.jp
株式会社東日本企画,http://higashinihonkikaku.co.jp
株式会社フジカラーフォトセンター,https://www.fujifilm.com
ジャパンクリエイト株式会社,https://www.japan-create.jp
株式会社電通クリエーティブキューブ,https://www.cube-dentsu.co.jp
株式会社こども体育研究所,https://kenkyusho.co.jp
株式会社ジェイツ・コンプレックス,https://www.j2complex.co.jp
株式会社アフロ,https://group.aflo.com
株式会社千代田ブライダルハウス,https://www.chiyoda-bridal.co.jp
株式会社アールビーズ,https://runners.co.jp
株式会社オータニコーポレーション,http://www.otanicorporation.co.jp
株式会社北都,https://www.hokuto-com.co.jp
株式会社リクサン,https://rikusan.com
株式会社静和堂,https://www.seiwado.co.jp
東洋プリディア株式会社,https://www.typi.co.jp
三陽テクノサービス株式会社,http://www.kk-sanyo.net
イサン株式会社,https://www.eesun-group.com
株式会社Ｙ＆Ｕ,https://www.y-and-u.jp
四国航空株式会社,https://www.shikoku-air.co.jp
株式会社ナウエル,https://www.nowl.co.jp
ＴＯＨＯマーケティング株式会社,https://www.toho-marketing.jp
株式会社中央競馬ピーアール・センター,https://www.prcenter.jp
有限会社うさみカメラ,https://usamicamera.com
株式会社ステラス,https://stellas.co.jp
ケーアールケープロデュース株式会社,https://ykproduce.co.jp
伊藤忠ユニダス株式会社,https://uneedus.co.jp
化成フロンティアサービス株式会社,https://www.kfs-mc.co.jp
株式会社創写舘,https://soshakan.co.jp
株式会社ゼンリンマーケティングソリューションズ,https://www.zenrin-ms.co.jp
株式会社かのこ,https://kanokoyasuoka.com
株式会社ロイヤルホール,https://www.royalhall.co.jp
株式会社ｋｏｏｋｏｏ＆ｃｏ,https://kookoo.co.jp
株式会社木下写場,https://www.photo-k.com
株式会社アニバーサリー,https://anniv.jp
株式会社九州インターメディア研究所,https://kiml.co.jp
凸版メディア株式会社,http://www.toppan-media.co.jp
大平印刷株式会社,https://www.taihei.co.jp
東京綜合写真株式会社,https://sogophoto.com
共立航空撮影株式会社,https://www.k-air.co.jp
株式会社ドリームジャパン,https://www.studio-ami.com
株式会社ＳＡＥＤＡ,https://www.saeda.co.jp
株式会社Ｐａｇｅ　Ｏｎｅホールディングス,http://www.pageone.jp.net
株式会社ＲＫＫメディアプランニング,https://rmp.co.jp
株式会社水野プロダクシヨン,http://www.mizunopro.co.jp
株式会社いわや,https://www.palace-iwaya.jp
株式会社プリンター,https://www.printer.co.jp
株式会社キューズナレッジ,https://qs-knowledge.co.jp
株式会社きもの工芸西陣,https://kimono-nishijin.co.jp
株式会社イーストウエスト,https://www.eastwest-inc.co.jp
株式会社ムービー企画,http://mov.co.jp
ニュートンプラスイー株式会社,https://soshakan-resorte.jp
株式会社加藤写真,http://www.photo-kato.com
株式会社ソウイング,http://so-ing.com
株式会社Ｌｉｖ．,https://www.liv.lol
株式会社スリーライト,https://www.threelight.co.jp
株式会社コマエ写場,https://vsign.jp
株式会社都屋,https://miyakoya.co.jp
株式会社ワンダラクティブ,https://prtimes.jp
株式会社オーセモーション・プロダクツ,https://authemotion.net
友野印刷株式会社,https://www.tomono.jp
株式会社ＲＳＫプロビジョン,https://rsk-pv.jp
株式会社エスエス,https://www.ss-multi.co.jp
ベレール株式会社,https://www.wedding-endroll.com
株式会社ＣＯＵＲＡＧＥ,https://courage-group.jp
株式会社ささげ屋,https://sasageya.co.jp
株式会社やなぎだ,https://yanagida.com
株式会社フジカラー北陸,https://fhweb.jp
株式会社清水,https://www.shimizustudio.co.jp
株式会社笑ジャパン,https://www.ginichi.co.jp
有限会社シー・アイ・エス,http://www.cis22.jp
株式会社鹿児島ビジョン,https://kvi.co.jp
株式会社いぬづか写真室,https://inuzuka.co.jp
株式会社文展美術印刷,https://www.bunten-ap.co.jp
株式会社バド・クリエイト,https://www.bud-create.co.jp
株式会社クレールコーポレーション,https://www.s-claire.jp
株式会社ＲＩＤＥ,https://www.rmd.co.jp
有限会社ウメイチ,https://plum-s.com
芝入印刷株式会社,https://www.shibairi.co.jp
ニッセイエブロ株式会社,https://www.eblo.co.jp
株式会社丸福織物,https://www.mifuku-329.jp
株式会社渡辺写真館,https://photo-watanabe.jp
株式会社田中屋呉服店,https://www.yumemiru-yumeko.jp
株式会社データシステム,https://www.datasystem.co.jp
株式会社アシスト湘南,https://www.assist-shonan.com
株式会社さかえ写真スタジオ,https://www.sakae-photo.jp
株式会社波デザイン,https://www.nami-d.co.jp
株式会社ビジネス・インフオメイシヨン・トレイデイング,https://bit-e.net
株式会社トーアフォート,https://www.toaphoto.co.jp
光文社クリエイティブ株式会社,https://kobunsha-crv.com
株式会社アスティア,https://docodoor.co.jp
株式会社フローリッシマ,https://rosa-florissima.hanatown.net
株式会社パネット,https://panet-ad.co.jp
株式会社写真館ピノキオ,https://www.pinokio.co.jp
若越印刷株式会社,https://www.jakuetsu-print.com
株式会社アイブレーン,http://ibrain.mie-net.ne.jp
株式会社深野衣裳店,https://fukanoisyo.co.jp
レリゴ株式会社,https://letitgo.jp
株式会社ＬＥＡＤ,https://ad-lead.jp
株式会社いわきや,https://www.iwakiya.net
株式会社気生堂印刷所,http://www.kiseido.jp
株式会社ファーストビジョン,https://www.firstvision.jp
株式会社ユニグラフィック,https://www.unigraphic.co.jp
株式会社メディア・トラスト,https://www.media-trust.com
株式会社サーブ,https://sarb.jp
株式会社美美コーポレーション,https://www.studio-coco.jp
株式会社モナミカメラ,https://monami-camera.com
株式会社ビジュアライフ,https://www.visualife.co.jp
アスコテクニカ株式会社,https://www.ascotechnica.co.jp
株式会社Ｅ・Ｉコーポレーション,https://www.studio-nico.com
株式会社新潟印刷,https://niigatainsatsu.co.jp
株式会社出雲殿互助会,https://izumoden-gojyo.jp
株式会社三松,https://www.mimatsu-kimono.jp
アールプロセス株式会社,http://www.r-pro.co.jp
株式会社エイブルデザイン,https://www.ablegroup.co.jp
株式会社山梨ニューメディアセンター,https://www.y-nmc.jp
株式会社アトラス,https://www.atlus.co.jp
株式会社バド・プレスト,https://www.bud-presto.co.jp
株式会社プリントハウス,http://print-house.jp
株式会社カワバタ印刷,https://kawabata1911.com
株式会社丸昌,https://www.marusho-1010.com
株式会社キヌヤ,2.2K+
株式会社インターワーク,https://www.intwk.co.jp
株式会社ｕｋ,https://ukuk.co.jp
有限会社リップル,http://ripple-co.com
有限会社ファンキー・コープ,https://www.funkycorp.com
株式会社ウエストネット・テクノロジー,https://www.wntec.net
株式会社ニューエイジ,https://newage-inc.co.jp
株式会社学校写真,https://g-shashin.co.jp
株式会社豊かな気持ち,https://kisekinoichimai.com
株式会社中野技術,http://www.nakano-gijyutsu.co.jp
株式会社すぎ広報,http://www.sugikoho.jp
ギグベース株式会社,https://about.gigbase.jp
株式会社北九州カーボン印刷,https://carbon-g.co.jp
クボタＰＨＯＴＯ株式会社,https://www.kubota.co.jp
滝村企業株式会社,http://www.takimura.co.jp
株式会社ＪＰＤ,http://jpd-inc.com
株式会社ココロカンパニー,https://kisekinoichimai.com
有限会社エイトプランニングオフィス,http://www.eightstudio.com
株式会社スタジオタカノ,https://studio-takano.co.jp
株式会社ミヤガワ,http://www.photo-miyagawa.com
ヒガ・アーツアンドメタル株式会社,http://higa-bull.com
株式会社杉新衣裳店,https://www.sugishin.co.jp
株式会社スタジオダンク,https://www.st-dunk.com
株式会社ＫＯＵＧＡ,http://www.kouga-logi.com
株式会社アニバーサルドリーム,https://www.anniversal.jp
株式会社長野フジカラー,http://www.fujicolor-nagano.co.jp
北海道航空株式会社,https://hokkaido-koku.co.jp
株式会社テイク・フォト・システムズ,https://www.take-photo.co.jp
株式会社ソノリテ,https://sonorite.co.jp
株式会社スタジオエビス,https://www.ebis.co.jp
株式会社アジア建設コンサルタント,http://www.akc21.co.jp
株式会社ゴーシーズ,https://www.go-sees.co.jp
株式会社大應,https://www.dai-oh.co.jp
株式会社アップルツリーファクトリー,https://www.lifestudio.jp
株式会社コピーボックス,https://www.copybox.co.jp
株式会社オールシステム,https://www.web-alls.co.jp
山口印刷工業株式会社,http://www.ypt.jp
株式会社ラボ東京,https://www.labtokyo.co.jp
株式会社トップサービス,https://www.top-sv.com
株式会社上野印刷所,https://www.ueno-p.co.jp
長尾印刷株式会社,http://nagaoprint.co.jp
株式会社中屋衣裳店,http://my-nakaya.co.jp
株式会社ＯＡＳＩＳ,http://www.oasis-box.com
株式会社ワンライフ,https://onelife.jp
株式会社彩コーポレーション,http://www.aya-corp.co.jp
株式会社紀久屋,https://www.kikuya529.com
瀬古写真株式会社,https://www.sekophotography.co.jp
有限会社フォトライフ,https://photolife1979.jp
株式会社ＹＵＫＡＺＥ,https://yukaze.co.jp
株式会社フロット,https://flot.co.jp
中央印刷株式会社,http://cdp.co.jp
株式会社ピーアンドピー浜松,http://www.pandp-h.com
株式会社ＹＵ－ＷＡ　Ｃｒｅａｔｉｏｎ　Ｈｏｌｄｉｎｇｓ,https://www.yuwa-holdings.co.jp
株式会社アズライフ,https://www.azl.co.jp
株式会社めるへん社,http://www.meruhensya.co.jp
株式会社サンクリエーション,http://san-creation.com
株式会社ＪＤＲＯＮＥ,https://jdrone.tokyo
株式会社ジ・アースプロダクション,http://earthpro.jp
小樽典礼株式会社,https://www.otarutenrei.co.jp
ａｉｒＢｅｓｔ株式会社,https://pergear.co.jp
株式会社ｄｉｐｓ,http://www.dips.jp
株式会社コーポレートプレスメント,http://c-pl.co.jp
株式会社柴田衣料店,http://www.wa-shibata.co.jp
日本アドスペース株式会社,http://n-adspace.com
株式会社アド・エンジニアーズ・オブ・トーキョー,https://www.adpub.co.jp
株式会社林写真館,https://kuki884.com
パブリックレコード株式会社,https://www.pbr.co.jp
有限会社いきつ,http://www.ikitsu.jp
株式会社アクティブイエロー,http://www.activeyellow.co.jp
株式会社オームラ,https://www.kk-oomura.co.jp
株式会社広告新聞,https://www.ad-assist.co.jp
トータル物流株式会社,http://total-buturyu.com
株式会社ケントハウス,https://www.studio-kent.co.jp
株式会社ラプト,https://www.lapt.co.jp
株式会社マエノ,https://kkmaeno.co.jp
有限会社いせや,http://www.iseya.com
株式会社白樺写真工芸,http://www.shira-kaba.co.jp
株式会社内藤城,https://naitojo.webnode.jp
株式会社アバコ撮影スタジオ,http://www.avaco-st.co.jp
株式会社マリエラグラス,http://www.marie-lg.jp
株式会社アライブ,https://alive-web.co.jp
株式会社ひろ写真,https://www.hironet.co.jp
永見株式会社,https://hows-photostudio.com
株式会社ウイードプランニング,https://www.weedplanning.co.jp
株式会社六本木スタジオ,https://www.roppongi-st.co.jp
株式会社東樹苑,https://yumekirara.com
株式会社フォトエクボ,https://www.photo-ekubo.com
株式会社スタジオリッツ,https://ritz-studio.com
株式会社小いけ,https://kimono-koike.jp
株式会社貸衣裳タカラ,https://www.takara-hanayome.com
株式会社ナカサアンドパートナーズ,https://www.nacasa.co.jp
株式会社しゃらく,https://www.sha-raku.co.jp
株式会社パックサービス,https://www.pac-service.co.jp
有限会社いせや写真館,https://iseya-photo.com
株式会社ウィズユー,http://www.w-y.co.jp
有限会社アーキテクトタイタン,https://taitan.jp
有限会社渡邉写真社,https://www.watanabephoto.co.jp
有限会社イマージュ企画,https://imagekk.jp
株式会社ラップ,https://lapfukuoka.co.jp
株式会社フオトライフ,http://www.photolife.co.jp
株式会社竜カンパニー,https://www.ryu-company.co.jp
株式会社スポーツフォトネットワーク,https://www.spophoto.jp
株式会社ビデオプロ・シラフジ,https://www.vp-shirafuji.co.jp
株式会社アン,https://www.un-photo.com
株式会社サムライエンタープライズ,https://samurai-ent.com
株式会社ステップ,https://stepjapan.jp
株式会社ＥｎｊｏｙＬｉｆｅＣｏｍｐａｎｙ,https://enjoy-life.co.jp
日本カラーフオトスタジオ株式会社,https://www.nihoncolor.co.jp
株式会社バリエ,https://varie-group.jp
安井工業写真株式会社,https://www.yasui-kougyou.co.jp
株式会社ランブル・ビー,http://www.rumblebee.co.jp
株式会社清水写真店,https://photostudio-shimizu.jp
愛文社印刷株式会社,https://www.aibunsha.com
株式会社アトリエＣａｓｈａ,https://www.a-casha.net
株式会社ＩＣＬ,https://icl-photo.com
株式会社ＩＯＳ,https://www.i-o-s.co.jp
株式会社ジュビリー,http://jubilee.jp
株式会社スタジオひまわり,https://www.studio-himawari.jp
株式会社リアルロックデザイン,http://realrock.co.jp
有限会社松川会館,https://www.belaks.com
株式会社スタジオ玄,https://www.studio-gen.com
株式会社マーベラスリンク,https://www.marvelous-link.net
有限会社エムス計画,http://www.ems-k.co.jp
株式会社ＤＥＰＯＣ,https://www.depoc-medical.jp
株式会社ミナヨシ,https://www.minayoshi.co.jp
株式会社岩手フジカラー,https://www.fujifilm.com
株式会社村山写真館,https://www.heros-creation.com
株式会社メイシ,http://www.meisi.co.jp
有限会社トータルフォトスタジオさいとう,https://studio-saito.jp
四国工業写真株式会社,https://www.sip-net.co.jp
株式会社千成屋,https://sennariya.co.jp
東洋テック株式会社,https://www.toyo-tec.co.jp
株式会社隆文社,https://www.ryubunsha.co.jp
株式会社カメラのフレンド,https://www.furendo.co.jp
株式会社アート・プロ,http://artpro-fuk.co.jp
株式会社アンココン,https://uncocon.jp
株式会社ビマージュ,https://www.froq.jp
株式会社新倉写真館,http://niikuraphoto.com
有限会社ハヤシカメラ,https://www.hayashi-camera.org
株式会社エムアンドエムドットコー,https://mmtv.jp
株式会社モスク・クリエイション,https://www.mosk.co.jp
株式会社フィールズ,https://www.fields.biz
株式会社アニバーサリージャパン,http://anniversaryjapan.fuerubooubo.com
株式会社瀬古写真館,https://www.photosekostudio.com
株式会社ソニック,http://www.sonik.co.jp
株式会社ブレイニングピクチャーズ,https://b-pictures.jp
株式会社写真のトクダ,https://www.tokuda-photo.co.jp
株式会社スタジオ・メディア,https://studio-media.net
株式会社アズレイ,https://www.azray.jp
株式会社ａｚｕｈａｔａ,https://azuhata.com
株式会社夢や,https://www.yumeya.net
株式会社フジナ,https://www.fujina.co.jp
株式会社写真のミツタ,https://www.studio-mitsuta.co.jp
株式会社扇子屋,https://www.hanayomekaikan.co.jp
株式会社トータルデザインセンター,https://www.tdc-ad.co.jp
株式会社リンガフランカサービス,https://www.linguafranca.co.jp
明和印刷株式会社,https://www.meiwa-insatsu.com
株式会社レイコネクション,http://www.leiconnection.com
オーシアニック株式会社,http://www.ocean-ic.com
株式会社タオトンヴィラ,https://studio6.photo
ＩＮＦＲＡ　ＣＯＭＭＥＲＣＥ株式会社,http://infracommerce.jp
有限会社フォト・デニーロ,http://photodeniro.com
株式会社コートドオール,https://www.event-okinawa.com
美原工業株式会社,http://美原工業.com
株式会社マリアージュインベルコ,https://mariage-in-bellco.net
博善社印刷株式会社,https://www.hakuzenp.co.jp
株式会社ナカノ,https://nakano-music.co.jp
株式会社ヴィーヴォ,https://kandoukiroku.com
王子印刷株式会社,http://ohjiprint.co.jp
株式会社永井,http://nagai-phoyo.co.jp
株式会社アトリエ,https://atelier-japan.com
株式会社プラチナスタイル,https://www.platinumstyle.co.jp
株式会社ブレストメディアサポート,https://500ml.jp
株式会社サムソンウィンズ,https://www.samson-wins.co.jp
株式会社楽園社,http://www.rakuensha.com
株式会社ビッグバン文教,http://www.bunkyostudio.co.jp
株式会社道央フオート,http://www.dp-photo.co.jp
有限会社トータス,https://www.ttsmile.co.jp
タイヨー印刷株式会社,http://www.taiyo-print.com
株式会社アエラス,https://www.aeras.jp
株式会社ティーシィ企画,http://www.tc-kikaku.jp
株式会社センティアス,http://www.sentious.com
株式会社れじぇんど,http://www.kyotolegend.com
株式会社プロフォートサニー,https://prophotosunny.jp
株式会社ＤＡＹＳ,http://www.days.bz
株式会社岡本スタジオ,https://okamoto-studio.com
株式会社東京プロカラー,http://www.tokyo-procolor.co.jp
株式会社長崎西沢,https://www.kimono2438.co.jp
株式会社Ｍ．Ａ．Ｐ,https://map-inc.jp
株式会社オクカメラ,https://www.okucamera.co.jp
株式会社あをいスタジオ,http://aoi-studio.co.jp
株式会社ニシノフォト社,https://www.nishinophoto.co.jp
有限会社イソノ,https://www.printland.co.jp
有限会社田原海事,http://tabarakaiji.jp
株式会社ルナ・ソーレ,http://www.lunasole.jp
株式会社東陽写場,https://toyoshajo.com
株式会社サン,http://www.sun-aerial.com
株式会社大久保写真館,https://opop.jp
株式会社ディーフィット,https://dfit.co.jp
ＮＩＳＳＨＡエフエイト株式会社,https://www.nissha.com
株式会社エアロ・フォト・センター,https://kkapc.co.jp
株式会社ジム,https://www.gym-ts.com
株式会社郡土木コンサルタント,http://www.koric.co.jp
株式会社ハイ・フォート,https://www.emu-shopping.jp
株式会社テンファイブ,https://10-5.jp
株式会社クミン,https://cumin.co.jp
スダプロセス株式会社,https://www.sudapro.jp
株式会社イースト・ブック,http://www.eastbook.jp
有限会社大野屋商店,https://dreamlife-ohnoya.com
合同会社ほんわか,https://honwakallc.com
株式会社小島写真館,http://kps.co.jp
株式会社岩本ブライダルハウス,https://www.fukui-bridal.com
株式会社銀伶,https://www.ginrei-dress.co.jp
有限会社ドリーミンドリーマー,https://dreamindreamer.com
有限会社平岡写真館,https://www.photo-hiraoka.co.jp
株式会社千代田スタジオ,http://www.chiyoda-studio.co.jp
有限会社ディーバ・ユニゾン,https://www.studio-diva.net
株式会社竹内寫眞館,https://www.takeuchi-studio.co.jp
株式会社ロンドマーク,https://www.rondomark.jp
株式会社三愛,https://www.sanaiphoto.co.jp
有限会社工房サンライズ,http://www.koubou-sunrise.co.jp
株式会社青柳,https://aoyagi-kimono.com
つながる科学研究所株式会社,https://tsunaken.co.jp
株式会社フェリス,https://felizcompany.com
有限会社ムラタ,http://murata.mcg.co.jp
株式会社ネットワールド,https://www.networld-jp.net
株式会社イザ,https://e-iza.com
株式会社あおき,http://www.aoki-photo.com
有限会社伊谷商店,https://idani.co.jp
株式会社ＢＲＩＳＫ,https://b-risk.jp
株式会社エスプレッシボ,https://zicosur.co
株式会社シキラマ,https://shikirama.com
下呂印刷株式会社,http://geroin.fun
株式会社コーセンドー,https://yellowweb.co.jp
株式会社フォーラム,https://www.forum.co.jp
株式会社アミューズメントプレスジャパン,https://amusement-japan.co.jp
ブラボーワークス株式会社,https://bravoworks.jp
株式会社那須屋,https://www.nasuya.co.jp
有限会社ヒューラ,https://hurra.co.jp
株式会社三共メンテック,https://sankyo-maintec.com
株式会社エムクリエイティブ,https://mcreative.jp
株式会社ヒヤマフオトスタヂオ,https://douga-kanji.com
株式会社桑島写真スタジオ,http://www.kuwajimaphoto.jp
有限会社あけぼのスタジオ,https://akebono-st.jp
株式会社インスパイアリング,https://www.inspiring.co.jp
株式会社エスペランサデザインオフィス,https://espera.jp
キッショウ株式会社,https://kisshow.co.jp
株式会社ジーエイジー,https://tadatabilife.hatenablog.com
株式会社信英堂,http://shin-ei-do.co.jp
有限会社ヨネザワ写真館,http://ps-yonezawa.com
株式会社キットクルー,https://www.kitcrew.jp
株式会社丸信増山商会,http://www.mcoltd.net
有限会社レディアンス,https://www.happy-radiance.com
株式会社ＬＯＶＳＴ,https://lovstmade.com
株式会社トゥループス,http://troops.jp
株式会社スタジオアール,https://www.studio-r.net
株式会社堤写真館,https://www.photo223.jp
株式会社ユーピーフォトス,https://www.photosimile.jp
株式会社港家,http://minatoya.tv
株式会社ユニ企画,https://www.unipo.co.jp
株式会社コラボ,http://www.collabo-jpn.com
株式会社スタジオマリアス,https://studiomalias.com
株式会社シティアートプランニング,http://www.city-art.co.jp
有限会社東伯舘写真場,http://www.tohakukan.com
株式会社ＲＡＤ,https://rad-web.info
株式会社ＴＭエンタテインメント,http://tment.co.jp
株式会社ジール,https://www.zeal.jp
有限会社サンチャンカメラ高橋写眞館,https://www.sanchan.jp
株式会社コレクト,https://www.collect-nc3.com
株式会社ファーストシステム,https://first-s.jp
株式会社Ｖｉｄｅｏライフ,http://www.videolife.jp
有限会社えれがんす,https://www.novias.jp
株式会社アイロゴス,http://ilogos.jp
株式会社有宏写真,http://www.yuko-p.co.jp
株式会社オーエスティー,http://www.o-st.com
株式会社フィーム,https://toredaka.net
株式会社コアーズ,https://www.cores-co.co.jp
エムダブ株式会社,https://www.webkikaku.com
株式会社駒屋,https://asahikawa-komaya.com
株式会社フリースクエア,https://freesquare.co.jp
株式会社サン・プロデュース,http://sunpro.co.jp
有限会社多摩フォート,https://tamaphoto.co.jp
株式会社ハヤシ印刷,https://hayashi-printing.com
ラフデザイン株式会社,https://lafdesign.co.jp
株式会社ライム,https://lime78.co.jp
株式会社アーツワゴン,https://arts-wagon.co.jp
ＮＡＶＥＥＹ株式会社,https://naveey.jp
有限会社オブ・ユース,https://www.ofuse.jp
ふじや印刷株式会社,http://www.fujiya-p.co.jp
株式会社写真のフォトアートスタジオ,https://meetsmore.com
株式会社ＲＩＫ・シラフジ,https://www.rikshirafuji.com
株式会社北海道カラーサッポロ,https://www.hokkaido-color-sapporo.jp
株式会社コスモサービス,https://www.cosmo-est.com
株式会社クリエイティブハウスキューズ,https://www.cqs.co.jp
有限会社石川,https://michiyoko.co.jp
株式会社伸光,https://shinko-smile.co.jp
株式会社ラブグラフ,https://lovegraph.me
有限会社ブームコーポレーション,http://boom-go.jp
株式会社アイズクリエイション,https://izcreation.com
株式会社インプレッションリゾート,https://biyuukan.com
有限会社みどり印刷,http://www.midori-p.co.jp
有限会社ダズ,http://www.does-inc.jp
株式会社ウイル,https://will-7.com
株式会社Ｓｍａｒｔ　Ｏｎｅ,http://smart-inc.jp
株式会社北徳,http://www.kitatoku.co.jp
城南印刷工芸株式会社,https://adapter.jp
有限会社大貝写真館,http://ohgai.jp
株式会社昇龍堂,https://shoryudo.co.jp
株式会社ＫＡＯＬＡＮＩ１２２８,https://photo-kanon.com
株式会社さいたまＰＲセンター,http://saitama-pr.co.jp
有限会社ふじ美苑,https://morio-j.com
株式会社ユー・ピイ・アール,https://www.upr.co.jp
株式会社ＭＳＳ,https://mssinc.jp
株式会社ニュートラルワークス,https://n-works.link
株式会社加藤工業,https://kato-kougyo.jp
株式会社セ・ビアン,http://www.cb-kanazawa.com
株式会社グロースネット,https://www.growthnet.co.jp
株式会社スタジオジーティ,https://reserva.be
ＲｕｎＬａｎｄ株式会社,https://www.runland.co.jp
株式会社サンデー山口,https://www.sunday-yamaguchi.co.jp
株式会社アサヒプロカラー,http://www.asahi-procolor.com
株式会社ジーツファクトリー,https://www.jiitsu.com
空有限会社,https://www.st-koo.co.jp
株式会社ｇａｚ,https://studio-gaz.design
有限会社大田呉服店,https://20-753.com
丸玉株式会社,https://marutamajj.com
株式会社中外印刷所,https://www.chugai-printing.jp
株式会社キューズ,http://www.cues-net.co.jp
有限会社谷川企画,https://clear-design.jp
株式会社バンプデザイン,https://www.bump-design.com
株式会社００９,https://009inc.jp
株式会社緒方商店,https://www.ogatashouten.jp
ＩＮ　ＦＯＣＵＳ株式会社,https://www.in-focus.co.jp
株式会社ホワイトスペース,http://www.ws1981.jp
株式会社エヌシーピークリエイティブ,https://ncpc.co.jp
株式会社西堀写真館,https://my753.net
株式会社伊勢屋呉服店,http://iseyagofukuten.co.jp
ビジュアルイメージング株式会社,https://hana-enishi.co.jp
株式会社野村呉服店,https://nomura-kimono.com
株式会社らぼ,https://www.labonetwork.co.jp
有限会社磁,https://www.jiki.jp
株式会社リフレイム,
株式会社フォトジェニック,https://sakura.photogenic2000.com
有限会社ミューモ,https://mumo-phot.com
株式会社ＷＡＯＣＯＮ,https://waocon.com
株式会社境工房,https://sakaii.jp
有限会社Ｏｆｆｉｃｅ　ＳＨＡＧＡ,https://www.officeshaga.com
株式会社イヅミ,https://ipns.co.jp
株式会社クリエートユニオン,http://www.createunion.com
株式会社北日本カラー写真,https://luvicon.net
株式会社Ｄｅ・ｌｉｇｈｔ,https://www.delight-company.com
株式会社光楽堂,http://korakudo.net
株式会社京呉服平田,https://www.kyogofuku-hirata.jp
ｎｐｓ株式会社,https://nps.blue
株式会社プラザホールディングス,https://www.plazacreate.co.jp
有限会社本多写真館,https://photo-garden-honda.com
株式会社イデアックス,https://ideax.jp
有限会社ディー・エス・フォート,http://www.dsfn.co.jp
富士写真企画株式会社,https://www.fujiphotokikaku.com
株式会社イーグル,https://www.freshbox.jp
株式会社ＣＥＬＬ,https://cell-inc.co.jp
有限会社秋葉写真館,https://akiba.co.jp
株式会社Ｓｔｕｄｉｏ７,https://studio-7.jp
株式会社写真工房,https://shashinkoubou.com
株式会社ＷＩＳＥ,http://www.wise.co.jp
株式会社スタジオアハ,https://www.studioa-ha.co.jp
株式会社スミヨシ,https://www.sumiyoshi-photo.com
株式会社ＥＳＰＤ,https://www.arukita.com
有限会社ビッビ,https://www.bib.co.jp
禅ネットワークサービス株式会社,https://www.zennet.co.jp
ギャグ・ワークス株式会社,https://www.gag-works.co.jp
株式会社アドリーブ,http://adreve.com
ファーストスタジオ株式会社,https://first-studio.jp
株式会社イーエムアイ,https://emivideo.com
株式会社西日本プロカラー,http://nippro-c.jp
株式会社ラッピング協会,https://www.wrapping-assoc.com
株式会社呉服のなまい,https://www.5298.jp
株式会社セキグチカメラ,https://www.sekicame.com
株式会社ｎｏｎｓｅｐｔｉｃ,https://nonseptic.com
株式会社石井印刷,http://ipi-ishii.com
阿部フォトグラフィー株式会社,https://abephoto.co.jp
アートアンドサイエンス株式会社,https://www.artandscience.jp
バケモノ株式会社,https://bakemono.co.jp
ＨＡＶＵ合同会社,https://www.havu.llc
有限会社タナカ写真館,https://www.t-st.co.jp
太陽高速印刷有限会社,http://e-taiyou.co.jp
株式会社アート・カンパニー,https://www.art-company.jp
北陽イーベン株式会社,https://www.hokuyou-bf.co.jp
株式会社タテルデザイン,http://www.tateldesign.com
株式会社アント商事,http://www.ant-group.co.jp
株式会社柳原プロダクシヨン,https://www.value-press.com
株式会社ｏｔｏ　ｅｎｇｉｎｅｅｒｉｎｇ,http://oto-engineering.co.jp
有限会社スタジオオカムラ,30+
株式会社おむすび,http://omsb.info
株式会社アシスト,https://assist-all.co.jp
有限会社内山写真館,http://uchiyama-photo.com
株式会社マスダツーリスト,http://www.ai-masuda.co.jp
株式会社鶴亀社,http://www.bridal-tsurukame.co.jp
株式会社ケルヴィン,http://www.kelvinjapan.com
日本海洋計画株式会社,https://nihon-kaiyoukeikaku.co.jp
株式会社デイドリーム・ビリーバー,http://www.dd-b.jp
レプロイシムラ株式会社,https://itp.ne.jp
東海観光写真株式会社,https://www.hakonehotel.jp
有限会社テス大阪,http://www.tesosaka.com
株式会社大竹写真,https://www.ohotakesyasin.co.jp
株式会社ビューティー岡本,https://beauty-okamoto.co.jp
株式会社フォトセンター惣門,https://soumon.com
株式会社アーガス,http://www.argos.co.jp
西川株式会社,https://www.nishikawa1566.com
株式会社美保スタジオ,https://www.mihostudio.co.jp
株式会社クレス・ファイブ,http://www.cresc5.jp
株式会社ふそう美術印刷,http://www.fuso-jp.com
株式会社スタジオチャーリー,https://charley.co.jp
ヴィジュアルファクトリーインターナショナル株式会社,https://visualfactory.jp
株式会社ブラウズ,https://ja.wix.com
株式会社森正工業設計,https://morisho64.wixsite.com
株式会社ＰＨＯＴＩＣ　ＰＥＥＲ,https://www.photicpeer.com
株式会社トラム,https://t-r-a-m.jp
株式会社クレド,https://pattern-p.com
有限会社杉田印刷社,https://www.sugitaprint.com
株式会社ひまわり,https://www.studio-himawari.jp
株式会社シー・エス・シー,https://www.kkcsc.co.jp
株式会社フラッシュ,https://flash-v.co.jp
株式会社アドバンスドバーチャルテクノロジーズ,https://avt.co.jp
株式会社フレンズ,https://lovegraph.me
有限会社サイベックス,https://www.sighvex.com
株式会社Ｓｈａｒｉｎｇ　Ｋｙｏｔｏ,https://sharing-kyoto.co.jp
株式会社フォトスタジオヴィエント,https://viento.ne.jp
株式会社アド・オリエント,https://yamashita3.wixsite.com
株式会社アオバカラー,http://aobacolor.com
株式会社三宮写真室,https://sannomiya.studio-photo.co.jp
松栄企画株式会社,http://shoei-kikaku.com
株式会社タカノ,https://www.photo-takano.jp
株式会社ハリウッド・イーシー,https://www.hollywood-ec.com
株式会社アド・ビジョン,https://www.ad-vision.jp
株式会社ポスト広告,https://www.postmedia.info
株式会社ＳＮＩ,https://www.sni.co.jp
有限会社スタジオ造形,https://shashin-kan.net
日本水中映像株式会社,https://www.juf.co.jp
有限会社ビューティーアトリエ銀座,https://www.ezakiphoto.jp
株式会社フェバープレース,https://favorite-place.co.jp
有限会社スタジオ・ポストエイジ,https://postage.jp
株式会社カプリース,https://navitokyo.com
有限会社ガウディ,https://zukou.co.jp
有限会社スタジオ・モノクローム,http://genkidesu.co.jp
有限会社学遊社,https://www.gysdesign.jp
Ｌｅｓｓ　ｉｓ　ｄｅｓｉｇｎ株式会社,
株式会社ｉｖｏｒｙ,
株式会社京呉服あいかわ,
株式会社ｃｏｃｏ,
株式会社ジャイロ,
株式会社プラスピクチャーズ,
株式会社ＢＯＮＤ,
株式会社プロメール,
株式会社寿々裳,
株式会社アサヌマ写真スタジオ,
株式会社オフィス１０２,
株式会社マジカルサイト,
株式会社リフレクト,
株式会社幸栄グラフィック,
株式会社レップス,
株式会社グライナー,
株式会社ハレノヒ,
株式会社フューチャー・プラスワン,
ＡｃｔｓＤｅｓｉｇｎＨａｕｓ株式会社,
有限会社エイチ・エム・エー,
株式会社ＰＩＣ,
有限会社イチカワ,
コスモカラー有限会社,
エルディコンサルタント株式会社,
株式会社ピーディーアイ,
株式会社ＧＯＷＥＢ,
有限会社クリフ,
有限会社スタジオタケベ,
株式会社がんもく屋,
株式会社オルトスタイル,
株式会社Ｈｉｋｉｄａｓｈｉ,
有限会社ＰＯＷＥＲＢＯＭＢ,
株式会社ナビマリン,
株式会社星写真舘,
有限会社文明舎,
株式会社ＦＭＣ,
株式会社好友印刷,
株式会社取材屋,
株式会社ギア,
有限会社斉藤スタジオ,
株式会社スカイラーク企画航測社,
有限会社楽風,
有限会社パールクィーン,
株式会社アクセス,
株式会社コーワ二十一,
株式会社ジャズデザイン,
アポロ創研株式会社,
有限会社ウイング,
有限会社平井写真館,
有限会社樋口屋京染店,
株式会社トーヨー企画,
株式会社Ｊ’ｓアトリエ,
株式会社エスパ,
株式会社ディプロム,
有限会社インキュベイト,
株式会社Ｔｗｉｎ　Ｓｔａｒｓ,
株式会社スタジオアートアイ,
株式会社ラッシュアワー,
株式会社プチタミ,
株式会社八重洲ＰＲセンター,
株式会社ＵＮＳ,
株式会社いとう鵬文堂,
株式会社アイテック,
株式会社橋本絞店,
株式会社プロジエ,
有限会社美楽,
株式会社パイロン,
株式会社エム・ワンプランニングオフィス,
株式会社イマジデザイン,
有限会社やえ,
株式会社フォトビジョンアルファ,
有限会社ヤギフォート,
有限会社矢上写真館,
株式会社エフティーワークス,
株式会社カメラの太洋,
イーアイテクノ株式会社,
有限会社造酒写真館,
株式会社ニューメディアランドマツバラ,
有限会社富士衣裳店,
株式会社コンファイド,
株式会社リングイスツ,
有限会社万点屋,
有限会社アズプリント,
株式会社アークエンジェルトレーディング,
株式会社クラッカー・スタジオ,
株式会社草加写真スタジオ,
有限会社スタジオ四季,
有限会社マックスエネルギー,
株式会社札幌コマーシヤルフオト,
株式会社アルバス,
株式会社イデアグラフ,
有限会社スタジオバンバン,
株式会社ドローンＩＴＰ企画,
デジタル・クライス株式会社,
有限会社ネギシ写真館,
株式会社ドアブル,
株式会社Ａｒｐ,
株式会社スタジオライトワークス,
株式会社アドエム,
有限会社アート・クリエート,
株式会社フォトダイン,
有限会社そあスタジオ,
株式会社ジーニアス・クロウ,
株式会社エプコット,
株式会社フクシカメラ店,
株式会社永井写真店,
横浜ステージプラン株式会社,
クリエイトハラ株式会社,
太宰府写真株式会社,
スタジオゼット株式会社,
株式会社ｋｌａｒ,
有限会社橋本写真館,
株式会社寺井写真館,
有限会社富士写真館,
有限会社清水写真館,
有限会社フォトスタジオモノリス,
有限会社平泉観光写真社,
有限会社光影スタジオ,
アイプラネット東北株式会社,
有限会社独立軒写真場,
有限会社内田写真館,
株式会社ＡＱＵＡ,
株式会社ディーコック,
株式会社フェイス,
有限会社ワンダフル,
株式会社琉縁,
ＦＩＶＥ　ＦＯＣＵＳ株式会社,
アリアコーポレーション株式会社,
株式会社今井広告研究所,
株式会社東京フォト工芸,
株式会社澤田ビジネス,
株式会社セイブ,
株式会社山一写真スタジオ,
有限会社スタジオアルマ,
有限会社アートスタジオ・グローブ,
有限会社ショット,
ネクステージ株式会社,
株式会社サタケ,
有限会社斉竹設計,
有限会社日宇クリーニング舗,
有限会社フォトスタジオみどりや,
アート美容院有限会社,
株式会社ゼアテックス,
有限会社フカダデザイン,
株式会社ブルースター・クリエイト,
株式会社大平写真部,
有限会社カメラのながを,
有限会社ムロコシフォート,
株式会社助川写真舘,
株式会社プリントＬｉｎｅ,
株式会社ビデオライフ,
株式会社ナックウェブ,
有限会社青山スタジオ,
株式会社ハヤシスタジオ,
株式会社アドアージュ,
株式会社扶桑グラフィックス,
有限会社十条写真スタジオ,
株式会社モリス,
株式会社コシマプロダクション,
有限会社カメラのみき,
有限会社バンテアン,
有限会社ブライダルフアツシヨン楓,
株式会社ＭＥＧＡＲＯＡＤ,
合同会社ｆｌａｒｅ,
株式会社大政,
有限会社佐直写真館,
株式会社河方写真館,
株式会社ホスピタリティコミュニケーションズ,
株式会社スイトカメラ,
株式会社フブキ,
株式会社フィールドアーク,
株式会社レベラップ,
有限会社カメブ呉服店,
株式会社フォトニコム,
株式会社ＢｉｌｌｏｗＪａｐａｎ,
株式会社ラストイズム,
有限会社谷山写真館,
有限会社田代写真館,
にしか呉服店株式会社,
アトリエ獏有限会社,
株式会社アクセル,
有限会社キモト写真場,
有限会社杉山スタジオ,
有限会社エス・エス・ピー,
株式会社ＨＡＹＡＰ,
松村カメラ商事株式会社,
株式会社森白汀,
フォトフィンチ株式会社,
株式会社パセリプロモーション,
有限会社エアロフォトアート,
有限会社末廣企画,
株式会社大津屋呉服店,
有限会社フォトスタジオ若葉,
有限会社ゴクーコム,
株式会社スモールボックス,
株式会社ｓｔｕｄｉｏ　ＺＵｕ,
有限会社プリンキピア,
株式会社北村印刷社,
有限会社写真まつばら,
有限会社ケイエヌフォトスタジオ,
有限会社コンティニュー,
有限会社カネコ写真館,
有限会社スタジオワン福田,
有限会社堀尾写真館,
株式会社渡邊写真館,
株式会社インターメッツォ,
大光スタジオ株式会社,
株式会社六峰社,
株式会社ジーウェブ,
株式会社カメラのちば,
有限会社林写真商会,
株式会社エスアイ堂,
株式会社カワムラスタジオ,
株式会社スタジオ木村,
有限会社タナベ写真館,
有限会社フォートカラー登別,
株式会社ＮＡａＮＡ,
鈴木印刷株式会社,
株式会社不二写場,
有限会社宇和写真広島,
株式会社サカイフォート,
有限会社ホーライカメラ店,
有限会社ティ・ブィ・フォー,
有限会社写道ティーツー,
株式会社プロカラー函館,
みやび産商有限会社,
有限会社アスタマニャーナ,
株式会社市村写真巧芸社,
有限会社ビスカンパニー,
株式会社ふじわら写場,
有限会社青木写真館,
有限会社海洋作業福岡,
有限会社かぐや姫,
有限会社中島呉服店,
有限会社カイトスタジオ,
株式会社鹿児島綜合技術コンサルタント,
株式会社仲澤寫眞館,
山形農薬株式会社,
有限会社タブチ写真館,
株式会社神川カメラ機材,
有限会社フジハラ写真館,
株式会社四谷工房,
株式会社ディスカバリー号,
有限会社キングカメラ,
ＡＣ構造検査株式会社,
有限会社朝陽写房,
有限会社芯和,
株式会社ＴＨＩＣＫ　ＡＮＤ　ＴＨＩＮ,
株式会社ＴＯＫ,
有限会社島村写真館,
東北印刷株式会社,
株式会社ポジティブライト,
有限会社大麻フォトスタジオ,
株式会社いんぱん,
株式会社コロナ,
椿イメージングソリューションズ株式会社,
有限会社タップ,
株式会社蒲田屋植田写真機店,
有限会社いわふち写真館,
有限会社カメラのゆきもと,
株式会社Ｔｒａｄ　Ｓｔｙｌｅ,
株式会社ワードピック,
アデリープランニング株式会社,
有限会社山田写真館,
株式会社ギバーズ,
ギガフォレスト株式会社,
株式会社Ｇｏｏｄｗａｖｅ,
有限会社スタジオバウハウス,
山岸青写真株式会社,
有限会社ナカムラ写真館,
株式会社オープンメディア,
ソルデプラン株式会社,
有限会社たねだ写真店,
有限会社蔵王スタジオ,
有限会社サインマーケット,
有限会社霜田製本所,
有限会社清水写真商会,
株式会社スタジオプルミエ,
株式会社ユープロセス,
有限会社ビデオクリエーター,
有限会社杵築カメラ,
有限会社富士写真機店,
有限会社スドウカメラ,
株式会社伊藤写真,
株式会社エヴィックス,
株式会社アトリエ・イデア,
株式会社スタジオ・ヴァンブー,
ドローン・ｎｅｘｔ株式会社,
株式会社ジョイントループス,
有限会社カキウチ,
有限会社タナカフォトスタジオ,
有限会社アマガヤ,
株式会社京都むらまつ,
株式会社もずや,
アップルバレー株式会社,
有限会社マツモト企画,
有限会社マン・クリエイト,
株式会社木崎フォート,
ブラスト株式会社,
有限会社大浪カメラ,
株式会社アフラット,
有限会社シュライン・ヴァレイ,
有限会社エネックス写真事務所,
有限会社アテネスタヂオ,
有限会社ＩＮＤＵＳＴＲＩＡ,
株式会社山田写真事務所,
有限会社島村写場,
有限会社まさご企画,
株式会社ラッシュ,
プレジャーアクティブ株式会社,
有限会社スタジオ春日,
ＣＯＡ株式会社,
有限会社写真みぞかみ,
有限会社フォト・チェスナット,
株式会社ストリーミングラボ,
株式会社ＷＯＷ,
有限会社光画堂,
合同会社ポーラーデザイン,
有限会社ビービーシー,
有限会社タケマサアトリエ,
株式会社インフォミディアリ,
有限会社オフィスマスウラ,
株式会社フォト・オリジナル,
株式会社スウィッチ,
株式会社クロカンブッシュ,
株式会社デザインラボ,
いしころ合同会社,
有限会社文化堂フオトセンター,
株式会社花田写真事務所,
有限会社ヴィヴィッド,
有限会社ホリ写真館,
株式会社柏﨑写真,
有限会社光影社,
有限会社フジビジョン,
株式会社アド・プランニング研究所,
株式会社グラシアス,
有限会社スタジオ武蔵,
株式会社エブリィ・ウィン,
ウェーブスタジオ有限会社,
有限会社こびとの森,
有限会社オルト,
株式会社カンノン社,
株式会社ＣＯＭＰＡＳＳ,
株式会社イメージグラム,
有限会社サイバースクエア,
株式会社スタジオアイランド,
有限会社スマイルプラン,
株式会社プレーゴ,
有限会社フォトテクノ,
プロモスジャパン株式会社,
有限会社ヤマザキカメラ,
株式会社Ｄｉｏｃｏｄｅ,
株式会社ヤスナガソフト,
株式会社フォトエボーブ,
有限会社あかつきスタジオ,
有限会社プロフィール仙台,
株式会社ガンバール,
株式会社バル,
有限会社写真の光輝,
有限会社カメラの太陽堂,
株式会社シュートテック,
株式会社パラカロ,
株式会社大和エアープロモーション,
有限会社フォトパッション,
株式会社ウェブコミュニケーションズ,
有限会社古浦印刷,
株式会社エムツーフォト,
有限会社フォトスタジオバルーン,
株式会社スタジオモア,
株式会社イー・ネクサス,
エコ企画有限会社,
有限会社エヌ・フォトワークス,
株式会社ブレイブ,
株式会社アシストレップ,
株式会社フォトアートヒロム,
株式会社ミルク,
株式会社エヌ・オー・エル,
株式会社タカハシカメラ,
株式会社ＶＩＳＵＡＬＢＥＡＴＳ,
株式会社学生堂,
有限会社エス・プロジェクト,
いい繁盛店株式会社,
株式会社アド・グリーン,
スリーテンアソシエイツ株式会社,
株式会社ボルボックス,
株式会社いめでぃあ,
株式会社東京テクノ空撮,
ローカルボーイズ株式会社,
株式会社プレゼンツ,
有限会社スタジオ稲場,
株式会社加藤写真室,
スカイドア合同会社,
有限会社インデクス,
有限会社ヤスカワフォートスタジオ,
有限会社後藤野航業,
有限会社フォト昆スタジオ,
株式会社サイジング,
合資会社文化財復元センター,
株式会社グリーンサム,
ＤＯＺＯＮＯ　ＳＴＵＤＩＯ株式会社,
プログラフィック株式会社,
株式会社アカリデ,
有限会社フォーカス,
株式会社細谷観光写真社,
株式会社ファイブエレメンツ,
株式会社イングロリアス,
ザイモクザプロダクション株式会社,
株式会社エフデザイン,
株式会社ｄｅｎ　ｐｈｏｔｏｓ,
株式会社レッドキリン,
株式会社ｅｎＧｕ,
トラベルガイド株式会社,
ハートコネクト株式会社,
有限会社アイスタジオ,
オモイデノ株式会社,
有限会社末広衣裳店,
有限会社はなや,
株式会社サントネール,
株式会社ロポロデザインクリエーション,
有限会社カメラのパピヨン,
有限会社佐々木写真,
株式会社ヤマシタカメラ,
有限会社カメラのタカダ,
有限会社プロジェクト・インフィニティ,
有限会社光陽写真館,
有限会社サンフォト,
株式会社Ｓｕｎｌｉｇｈｔ　ｓｔｕｄｉｏ,
有限会社ビレジ,
有限会社知床ダイビング企画,
有限会社ベルセゾンはせがわ,
株式会社アルフアーフォトエージエンシー,
株式会社カワムラ商会,
有限会社ササダ写真館,
有限会社チャイルドスター,
スタジオフィール株式会社,
有限会社ウチダ写真館,
株式会社旭屋呉服店,
有限会社吉森写真館,
株式会社オールアーツクリエイト,
株式会社Ｐｈｏｔｏ　Ｌｕｃｋｙ,
株式会社オイコス,
株式会社Ｑｕａｌｉｔｙ,
株式会社開成スタジオ,
有限会社スタジオアルファ,
株式会社Ｓ’ａｌｌｉｅｒ,
株式会社染萬,
株式会社大沢カメラ店,
エムラボ株式会社,
有限会社フォト・セクション,
有限会社カメラの寺田,
株式会社山光堂,
株式会社マリア堂,
株式会社カメラの小石,
有限会社ズームスタジオ,
有限会社ケイマックス,
有限会社クリエイト長谷川,
有限会社モトミヤ写真店,
有限会社京都ビデオサービス,
有限会社光栄堂スタジオ,
株式会社バードアイエンタープライズ,
株式会社アグフォ,
株式会社グレイスポイント,
株式会社サン航空写真社,
株式会社セールスエッジ,
株式会社マルイシ,
有限会社イチオカ,
有限会社らんカメラ,
有限会社ハピーカメラ,
株式会社中藝,
株式会社ハルノヤ,
有限会社ヤスイカメラ,
有限会社南海カメラ,
トラヤテレビサービス株式会社,
アクアジオグラフィック株式会社,
株式会社ロナ・マーケティングス,
有限会社日之出写真館,
有限会社大手カメラ店,
有限会社奥野写真館,
有限会社中村写真館,
有限会社柏衣裳店,
株式会社ロゼスタ,
有限会社元禄写真,
株式会社辰巳屋,
株式会社みすず写真,
有限会社シー・ポイント,
株式会社プロ・バンク,
有限会社フォーユー,
株式会社共映,
株式会社スタジオナベック,
グラード株式会社,
有限会社フォトダイン東京,
有限会社三共フォート,
株式会社ゲヱイフォートショップ,
株式会社工設計,
有限会社谷杉写真館,
株式会社サンしばがき,
株式会社矢野写真館,
有限会社木村写真場,
株式会社薗田写真工房,
株式会社ＫＯＳＥ,
株式会社写真のみくに,
株式会社スタジオ嶋田,
有限会社カメラショップコミヤマ,
有限会社スタジオクルー,
ワタベクリエイティブスタジオ株式会社,
株式会社カメラの市川,
株式会社イデアルプレス,
株式会社悠工房,
有限会社スズキ写真スタジオ,
有限会社猪ノ口写真館,
有限会社カメラのこだま,
有限会社石井写真館,
有限会社東光軒,
株式会社やまざき写真館,
有限会社京ひで,
スタジオ昴有限会社,
株式会社マスダカメラ,
有限会社フォトスタジオハセガワ,
杉山カメラ有限会社,
紀伊半島観光写真株式会社,
有限会社イング,
富士写真株式会社,
有限会社名港写真,
有限会社パルスタジオ,
有限会社ヤラフォトサービス,
有限会社宮前写真場,
株式会社社内報,
株式会社倉橋写真館,
有限会社一戸写真,
有限会社三沢写真館,
有限会社アークフォト,
有限会社カメラハウス,
有限会社スタジオ・サード,
有限会社信太写真館,
有限会社タニ写真館,
有限会社オジョフレスコ,
有限会社サトー写真商会,
有限会社征矢酒店,
有限会社オオヤカラー,
有限会社センス印刷,
有限会社カメラのマエダ,
有限会社岡田写真館,
有限会社阿南写真工房,
有限会社スタジオウチダ,
株式会社三京,
株式会社キョードー,
有限会社大田写真館,
有限会社峻陽堂,
有限会社エヌ・ピー・ピー,
有限会社大久保写真,
有限会社トーハタ写真館,
有限会社ルーアンドルー写真スタジオ,
株式会社コンドル,
有限会社土田カメラ店,
有限会社みどり写真館,
有限会社秀映社,
有限会社エムツー,
有限会社藤川スタジオ,
株式会社京美屋,
有限会社ケーアイ,
有限会社スタジオスリーファイブ,
株式会社マーブリングファインアーツ,
株式会社チャリツモ,
有限会社トクヤマ,
有限会社渡写真事務所,
有限会社カメラのとみた,
有限会社野尻写真館,
有限会社島製作所,
株式会社アトリエじゅうろく,
株式会社助川カメラ,
有限会社マツヤフォトスタジオ,
有限会社写真堂,
株式会社カメラのヤマザキ,
株式会社ＳＤＩ,
株式会社スナイプ,
スタジオピース株式会社,
美鳳クリエイション株式会社,
株式会社イメージヘアーＫガレリア,
有限会社かとう写真館,
有限会社斎藤写真館,
有限会社写真のももや,
株式会社フォーウィッシュ,
有限会社あがた写真工房,
有限会社フォトキチ,
有限会社ズーム,
株式会社木村印刷所,
有限会社ワタナベ写真館,
有限会社伊藤写真館,
株式会社美馬印刷,
有限会社みどりや,
有限会社村上写真館,
Ａｓｓｉｓｔ．株式会社,
有限会社ブルージュ,
有限会社石栗写真館,
株式会社ＬＯＧＤＥＳＩＧＮ,
有限会社ダイイチ,
株式会社内山写真館,
有限会社フカヤ写真,
株式会社日本コマーシャルフォト,
有限会社写真館ウサミ,
株式会社サプル,
有限会社オグリスタジオ,
株式会社新函館ライブラリ,
有限会社木村写真館,
有限会社ウェブクリ,
株式会社銀総,
有限会社カフェデジタル,
株式会社タニタフォト,
有限会社フォトスタジオ長島,
株式会社ミナト・メディア,
有限会社スタジオいずも,
有限会社メモリー写真工房,
株式会社アームズ,
有限会社ジュン,
株式会社ワンフラップ,
アイソニック株式会社,
有限会社寿々屋,
有限会社カトーカメラ店,
株式会社アシスト日南,
株式会社ジェネス,
デザイン・アンド・コード株式会社,
株式会社プロフォートミドリ,
株式会社トリム,
株式会社ロルエージェント,
株式会社物撮り本舗,
株式会社アイオニック,
有限会社クリメイト,
有限会社ミソノ写真館,
株式会社やよい,
合資会社松本写真館,
株式会社ファーマ,
有限会社ラッキースタジオ,
株式会社Ｔｅｎｒｉｃｈ,
株式会社フロームワン,
有限会社宮崎写真事務所,
株式会社ルナクリエイターズ,
有限会社コンパス・ポイント,
オルネスホールディング株式会社,
有限会社三光商会,
株式会社ワコー写真工芸社,
有限会社太陽堂,
株式会社アートウエディング銀座,
株式会社エスパス,
有限会社アーバンフォト,
有限会社セリカクリエーションズ,
株式会社谷口雷三事務所,
株式会社ＧＥＮＩＣＬＡＢ,
株式会社電子書籍,
ネコグラファー株式会社,
株式会社集客屋,
有限会社ベースネット,
有限会社キタムラ写真商会,
国際写真岡山有限会社,
有限会社正円堂,
有限会社アラキ,
株式会社にしあしの里,
株式会社ＯＹＯ,
株式会社イントゥスタンダード,
株式会社斎憲,
有限会社栄光堂,
株式会社アンジュ,
有限会社フジヤ,
有限会社もちづきスタジオ,
有限会社写真工芸社ナカヤス,
株式会社ルイ・ヨコタフオート,
株式会社Ｋ．Ｅ．Ｇ,
有限会社日の出写真館,
有限会社北川フォトサービス,
有限会社宮内写真場,
有限会社写真事務所ライトクリエーション,
株式会社セントラルカメラ,
株式会社シープラス,
株式会社サムコピア,
有限会社センダイ,
有限会社オリオンカメラ店,
有限会社旭屋,
株式会社瑞光,
有限会社みどりやカメラ,
ＢＡ合同会社,
株式会社ナカツカ,
有限会社写真の堀沢,
中央写真株式会社,
株式会社シルクフォート横浜,
株式会社東地開発,
株式会社東北記録映画社,
ヤックスフォト株式会社,
ヴィス株式会社,
有限会社ツキオカ写真館,
有限会社写真工房プロキュー,
有限会社コマキ写真店,
株式会社平賀スクエア,
有限会社東京写真ラボ,
株式会社スタジオ・リフ,
有限会社ビデオセンターヤマガタ,
合資会社ブラック堂,
株式会社ヤスヰ,
株式会社シキミスタジオ,
有限会社鯉城写真,
有限会社プラネッツ,
株式会社エゾシノ,
株式会社明光,
有限会社モリタカメラ,
有限会社フクダ写真スタジオ,
大統社印刷株式会社,
フォトリサーチ株式会社,
有限会社ジョイ,
株式会社スタジオキャッスル,
有限会社ヤマ写真商会,
キープランニング株式会社,
株式会社ライズスリー,
株式会社ａｏｓｏｒａ,
株式会社山梨フジカラー,
有限会社石井フォート,
有限会社ミツキ,
有限会社エムアンドアイ,
株式会社ミズノ,
株式会社塚本カメラ店,
株式会社中央企画,
株式会社ジーコネクト,
有限会社野口写真館,
株式会社Ｃａｐｉｔａｌ　Ｅｘｐａｎｄ,
Ｋｉｉｔｏｓ株式会社,
有限会社小川写真館,
株式会社日本メトリクス,
株式会社プロビジョン,
株式会社ホットアート,
有限会社人吉婚礼センター,
株式会社オーエムエス,
株式会社綜合写真,
有限会社竹内写真館,
株式会社エコー商事,
株式会社ツーリストサービス,
有限会社キドプランニング,
有限会社画流倶楽部,
株式会社阿部スタジオ,
株式会社大向,
株式会社まあか,
有限会社セイタ写真館,
株式会社電子書籍ホールディングス,
株式会社盛美堂,
有限会社さくら堂,
株式会社モトキカメラ,
株式会社ホッタカメラ店,
株式会社シマダカメラ,
合同会社アート工房,
有限会社カメラ堂,
有限会社ワカバ写真館,
株式会社百泉,
株式会社サイプレス,
有限会社宮沢写真館,
株式会社ｉｍｐ,
株式会社西川公朗写真事務所,
株式会社山屋,
株式会社オクターヴ２２,
有限会社イメージ・ミツシヨン,
合資会社結城屋,
株式会社スタジオジャストワン,
有限会社スギハラ,
有限会社スタジオエビハラ,
株式会社ヤマモト写場,
株式会社ゲネシス,
有限会社白鳳堂,
有限会社ワカギ,
株式会社中京カメラ,
株式会社市川,
有限会社オリオン,
株式会社アローアートワークス,
有限会社藤田写真館,
有限会社スタジオスパーズ,
有限会社映像のシルク,
株式会社盛島スタジオ,
有限会社ケイアンドエヌ,
有限会社ヤナギタ商会,
株式会社ドラゴンロード,
株式会社長谷川写真館,
株式会社メディアサポート,
有限会社グリップ,
有限会社日東写真,
株式会社アーモンド,
株式会社プレストコーポレーション,
有限会社ミスズ,
有限会社フォトスタジオ高山,
有限会社藤井写真館,
日本空撮株式会社,
株式会社堀池写真機店,
株式会社コマ,
株式会社スタジオ麻生,
株式会社アトリエ飯嶋,
有限会社イメジン,
株式会社フック,
株式会社ポトマック,
有限会社水中記録,
株式会社総合写真オカムラ,
株式会社アサヒ商会,
有限会社金子スタジオ,
株式会社イースター,
株式会社ＣＨＵＵＮｉ,
株式会社あいざわ写真館,
有限会社スタジオエッグ,
株式会社三木写真工芸社,
株式会社近江カラー現像所,
有限会社荒木俊行編集事務所,
株式会社冨士印刷,
有限会社宇部写真,
有限会社ミハル商会,
グローバルアーク株式会社,
有限会社のはら写真館,
株式会社ＥＭＭＡ,
有限会社スタジオいんぐ,
株式会社ウイスパーノット,
株式会社モバート,
有限会社大竹カメラ,
株式会社トロンマネージメント,
株式会社ピン歩気,
有限会社タケムラ,
有限会社スピリット,
有限会社フォトスタジオミヤタ,
有限会社シーク,
株式会社ＯＣＣＨＩ,
株式会社ｍｅｅｔｓ,
有限会社松島写真館,
有限会社岡村デザイン事務所,
有限会社マルセイ,
有限会社きものみどま,
株式会社エヌ・シー・エス・アドバタイジング,
株式会社ジェイプラン,
株式会社ヨネ・プロダクション,
株式会社宮澤正明写真事務所,
株式会社ディスカバー,
株式会社ブルーパシフィック,
株式会社スペシャライズ,
有限会社アクトプラネット,
ＥＩＭＯＮＳ株式会社,
株式会社清水健写真企画事務所,
株式会社清水企画,
株式会社イシダスタジオ,
有限会社写真の大宮,
有限会社スタジオクラフト,
株式会社サンブレーン,
株式会社マインドサーティ,
有限会社仙台写真工房,
株式会社バロック・ディレクションズ,
株式会社東和ムービー,
株式会社羽衣,
株式会社ＩＳＳＥＩ,
株式会社北海道撮影社,
有限会社モノクローム新潟,
株式会社ＦｏｕｒｔｈｉｓＵ,
有限会社カメラの和弘,
株式会社ｍｕｋｕ．,
株式会社ゴーライズ,
有限会社ふじかわフォトサービス,
有限会社丸山写真館,
有限会社丸幸,
有限会社スタジオバーク,
有限会社ウエストリバー,
株式会社クローバースタジオ,
株式会社ミトベ写真館,
ふくろうのはね株式会社,
株式会社ハイビカム,
有限会社ブライダルハウス順,
合同会社ＳＯＲＡ,
株式会社マウント,
有限会社エム・アイ・ワイ工芸,
有限会社クリマ,
合資会社寿屋写真店,
株式会社スタジオ桂,
株式会社ワイズ・プランニング,
株式会社シエフ,
株式会社グレース,
エアテックジャパン株式会社,
株式会社なかやまフォトデザイン,
株式会社函館撮影,
有限会社マツモト,
株式会社山形エムエー,
株式会社ｍｏｒｅＭｏｓｔ,
グループ・ワン株式会社,
有限会社二葉写真館,
有限会社カメラのカズサヤ,
有限会社モリオカフォトスタジオ,
有限会社七七舎,
有限会社スタジオビッグアップル,
株式会社創人,
株式会社ハッピー・ジャパン,
有限会社林写真館,
有限会社ピタット・システムズ,
有限会社ピーボックス,
有限会社総英プランニング,
シーアイエス株式会社,
有限会社ヤマサキ写真館,
株式会社寫眞フカヤ鈴木,
有限会社エーツープロダクション,
有限会社カメラの白銀,
株式会社ハセガワ,
有限会社オカダフォトスタジオ,
有限会社レインボースタジオ,
有限会社さとう写真企画,
株式会社長浜スタジオ,
有限会社久留米潜水工事,
ファイナリープ株式会社,
株式会社アクティブライン,
株式会社神楽坂写真館,
有限会社さわだ貸衣裳店,
株式会社ミヤノ,
株式会社モアパーク,
有限会社ホトヤカメラ,
有限会社ボ・ヌール・マリエ矢澤,
株式会社ＳｅｖｅｎＴｗｏ,
有限会社長島写真館,
有限会社グラフィックアルファ,
有限会社金の星スタジオ,
有限会社アトリエゆう,
インターソニック株式会社,
有限会社スタジオササノ,
有限会社フォトサービス,
有限会社田中写真館,
有限会社スタジオアオヤマ,
有限会社さとう写真スタジオ,
株式会社ハマヤカメラ,
サーバントディベロップメンツ株式会社,
北海道有線放送株式会社,
日本興志株式会社,
有限会社フィール,
株式会社ＬＡＵＧＨ‐ＭＩＸ,
有限会社西遠カラーサービス,
株式会社写真の飯村,
株式会社城山スタジオ,
株式会社シーエスプロダクト,
株式会社よしみカメラ,
株式会社サンメディアジャパン,
株式会社ホリエテクニカル,
株式会社フローネ,
有限会社ビッグベル,
有限会社アートビデオ企画,
有限会社松本写真館,
株式会社プロフェッショナルイメージ,
株式会社フリントホイール,
株式会社有賀写真館,
ＫＡＴＯ　ＭＵＳＩＣ＆ＣＲＥＡＴＩＶＥ　ＥＮＴＥＲＴＡＩＮＭＥＮＴ株式会社,
株式会社タケザワ写真館,
有限会社イメージダイブ,
有限会社スタジオカワムラ,
株式会社オオガプロモーション,
株式会社ジマンニ,
株式会社越中谷写真商会,
株式会社ピンズファクトリー,
有限会社オカダ,
有限会社ノグチ,
杜陵高速印刷株式会社,
データモーション株式会社,
有限会社オフィスジオ,
有限会社シンクロウェブデザイン,
有限会社まつむら,
株式会社ユニバーサルシンク,
株式会社富士,
株式会社ギガント,
有限会社スタジオトマコマイ,
有限会社うすい写真工芸,
株式会社いわき,
株式会社タカラヤ写真館,
株式会社カラーズ,
株式会社Ｂｒｉｄｇｅ,
有限会社無限,
有限会社フジカメラ,
株式会社写真企画,
株式会社ライト・キュービック,
株式会社ツリーホープ,
株式会社レベルフォーデザイン,
タカオ株式会社,
仲屋商事有限会社,
有限会社ノヤ動物病院,
株式会社スタジオかわむら,
株式会社インフ・ティーフォー,
株式会社東海写真技研,
有限会社ロングライダース,
株式会社ハンド・イン・ハンド,
株式会社ステージアップ,
有限会社伊勢文化舎,
株式会社フォト信州,
松浦商事株式会社,
ＦＯＳＣＨＩＡ　ＪＡＰＡＮ株式会社,
株式会社コセヌプリ,
株式会社ビーコン,
有限会社横江写真館,
株式会社ネクストデザイン,
株式会社大黒,
株式会社オルトグラフ,
株式会社エムシーオー,
株式会社東京映像社,
株式会社フォトジーティ,
アート株式会社,
有限会社岡本葬儀社,
有限会社スタジオひがし,
株式会社Ｋスタジオ,
株式会社ＡＢＳ,
株式会社グローイングギャラクシー,
株式会社植村会館,
有限会社光栄写真,
株式会社１５１画,
株式会社オールアラウンド,
クボタ印刷株式会社,
有限会社コーエーカメラ,
株式会社ダイワ衣裳店,
有限会社都屋,
有限会社乾写真事務所,
有限会社オクムラ写真館,
株式会社エバラフォートスタジオ,
株式会社伊勢出版,
アサヒ写真株式会社,
スカイ・アイズ株式会社,
有限会社もとまつ写真場,
株式会社通信技研,
株式会社フォトリックス,
株式会社インフォ・アドバンス,
株式会社吉田カメラ二口橋新本店,
有限会社ケイズ・スタジオ,
株式会社ＨＡＴＧＲＡＰＨ,
有限会社稲石商事,
有限会社ラミネックスセンター,
有限会社ポレポレタイムス社,
株式会社アイオイ・プロフォート,
コーマツグラフィカ株式会社,
有限会社カメラ鎌倉堂,
有限会社指宿スタジオ,
株式会社ＩＲＯＤＯＲＩ,
株式会社清水スタジオ,
有限会社ジェイ・ピー・シー,
ルークスフォート株式会社,
有限会社宣通,
有限会社テン,
株式会社ＰＡＲＡＳＴＡ,
有限会社イシグレ写真館,
有限会社スタジオ・フレックス,
株式会社ヨロコビヲ,
メンタージャパン株式会社,
有限会社高須写真館,
有限会社土井カメラ店,
株式会社赤石写真事務所,
三河総合有限会社,
静岡観光写真有限会社,
株式会社イメージビュー,
ニッソースタジオ株式会社,
有限会社医学写真研究所,
株式会社ミドリ写真舘,
株式会社エヌ・エービデオプロダクション,
有限会社タマ商会,
有限会社スタジオ夢物語,
有限会社ケイプラン,
株式会社アートプランニング,
有限会社プリドーン,
株式会社サブ・ローザ,
株式会社サントループ,
株式会社スタジオキャム,
山口フォトアート有限会社,
有限会社フォトスタジオカワスジ,
株式会社埼玉ホーム,
株式会社シオヤ,
有限会社Ｇｕｎｎｅｒｓ,
有限会社千野写真,
有限会社エフミ,
株式会社エムズ,
有限会社写真の川地,
株式会社テクノフォース,
株式会社キモノモード,
有限会社アイズクリエイティブ＆モデルス,
ヒカリパートナーズ株式会社,
株式会社スタジオ・フォトアルチザン,
株式会社スタジオヒダカ,
有限会社ツカダ,
株式会社イデア・ビレッジ,
有限会社モリタ,
株式会社アイプラッド,
株式会社Ｓｏｒａｉｒｏ,
株式会社リライ郵社,
マックスコム株式会社,
株式会社トライアングル,
株式会社Ｈａｒｖｅｓｔ,
株式会社アーク,
有限会社写真の和幸,
フジフォト株式会社,
株式会社ヨシノ印刷,
株式会社リフレクション,
株式会社貴装の店わたなべ,
株式会社サイトプラス,
有限会社大石写真館,
有限会社オザワスタジオ,
株式会社プロデュース・プロ,
株式会社岩田写真,
株式会社アドネスト,
有限会社美光スタジオ,
株式会社エデンメディアワークス,
株式会社ジェットセット,
株式会社ビーフェイスクリエイティブ,
株式会社アド・クレール,
株式会社エフコマース,
株式会社クライマーズ,
株式会社ミツハタイメージワークス,
有限会社ディーシーエス,
株式会社サイトウ写真,
有限会社シーン,
株式会社サンライズ,
株式会社中村写真館,
株式会社ＯＧＵＲＩ,
有限会社富士写真店,
クリエイティブネットソリューションズ株式会社,
有限会社モナミ,
株式会社バーチャルイン,
株式会社アイ・スリー,
有限会社清水屋呉服店,
株式会社ホリウエディング,
株式会社アルテワークス,
有限会社スタジオ・スペースツー,
有限会社明画堂,
スタジオイメージハウス株式会社,
有限会社創造社,
有限会社中尾スタジオ,
株式会社フォト企画えがしら,
株式会社ライトハウス,
有限会社マツオカ写真,
株式会社照和堂,
株式会社ねむの木,
株式会社ワールドエリアネットワークス,
有限会社ニューホープ総合広告,
有限会社田中写真事務所,
株式会社杉田写真館,
有限会社細谷写真館,
砂川印刷株式会社,
マージシステム株式会社,
有限会社青空スタジオ,
株式会社春光堂,
フィールドプランニング株式会社,
有限会社グラフ,
有限会社笹川写真館,
株式会社レジスタ,
合同会社日本空撮,
株式会社ふじた,
第一印刷株式会社,
株式会社スタジオナップス,
株式会社大黒屋,
有限会社スタジオ大和,
株式会社エスプリ,
ユニテックビジョン株式会社,
株式会社トローニャ,
有限会社中村写真工房,
有限会社ワタナベスタジオ,
株式会社冨士,
有限会社写真工房,
有限会社はまの写真館,
株式会社木村スタジオ,
株式会社デジタルスペースワウ,
有限会社みうら写真スタジオ,
株式会社アーク・イメージギャラリー,
フジウェブ・ネット有限会社,
株式会社ジューシーオレンジ,
有限会社さいとう,
株式会社インアクション,
合同会社Ｔｏｃｏｔｏｎ,
株式会社さわき写真館,
Ｄ－ＰＬＡＮ株式会社,
株式会社まりも写真館,
株式会社ＡＣＥ,
日本写真・映像株式会社,
株式会社ＪＥＮＥＲＧＹ,
株式会社桑田企画,
株式会社ゼスタ,
株式会社りぷらす,
株式会社アド・マインド,
株式会社アミス．ビューティーカンパニー,
株式会社呈茗設計,
株式会社タナベ,
有限会社アイティーティー,
株式会社スカイネクスト,
株式会社ｈａｎｄｒｉｎｇ．ａｄｄ,
有限会社文化堂写真館,
株式会社角田写真館,
株式会社こどもとかめら,
有限会社ポニースタジオ,
有限会社木村写真舘,
株式会社まんたいや,
株式会社映音写実技研,
アイデザインファクトリー株式会社,
株式会社ブライダル静,
フリーズ・フレーム・ジャパン株式会社,
有限会社ちよやシステムサービス,
有限会社花園写真室,
有限会社リバスタ・ピーエフ,
株式会社クロス,
株式会社アンスタイリッシュ,
株式会社たちばなリンク,
株式会社トキワスタジオ,
有限会社菊屋呉服店,
株式会社中遠現像所,
サンショウ株式会社,
株式会社上田カメラ店,
株式会社プラグ・イン・テクノロジ,
株式会社スリー・エム・プリンティング,
有限会社アートコンセプト,
株式会社リック,
ペイレスイメージズ株式会社,
株式会社川久,
有限会社永井写真館,
株式会社かわしま,
有限会社オフィスナウ,
有限会社須藤写真館,
株式会社映像出版,
有限会社カメラのさくら,
株式会社アギスド,
有限会社写真の泰成,
有限会社ハットリフォトサービス,
有限会社谷口写真館,
イッツ・タイム株式会社,
有限会社ファミリーフォート,
株式会社ポストクリエイト,
株式会社スタジオ・アート,
有限会社ワールドフォト,
アットラクト株式会社,
スタートライン株式会社,
株式会社オービット,
有限会社山本マイクロシステムセンター,
有限会社群馬フォトエージエンシー,
有限会社オオタ写真館,
合同会社みやび,
有限会社尾崎スタジオ,
有限会社ライトニン,
有限会社福田商会,
株式会社大吉,
株式会社ｇｌａｓｓ,
株式会社ゼロワン,
株式会社Ｓｕｇａｒ　ｌｏｖｅ,
株式会社ジョイブロック,
Ｌｅａｄ　Ｄｅｓｉｇｎ株式会社,
株式会社デジテック,
株式会社ジーン,
株式会社ドローントラベル,
株式会社まつき苑京呉服の池田,
株式会社嵯峨野,
株式会社オージージーアイ,
有限会社サンベスト,
日本絶景旅行合同会社,
有限会社トゥギャザー,
株式会社ニューマーケット,
ジオ・マーク株式会社,
株式会社ドアーズ,
ヘリコ有限会社,
株式会社アートプロ,
有限会社千葉スタジオ,
山之内印刷株式会社,
株式会社櫻井事務所,
株式会社フラックススタジオ,
有限会社三扇商事,
デジタルシューティングアンドグラフィック株式会社,
株式会社スタジオアルファ,
有限会社皆川カメラ店,
有限会社東京堂写真舘,
有限会社橘商事,
株式会社コニシ,
有限会社アーチストぱんぷりん,
株式会社ＳＴＵＤＩＯザンビ,
合同会社ＬＦＰ,
チューギ株式会社,
株式会社メディアポートクリエイティブワークス,
株式会社アドベンプロダクツ,
株式会社フォト機材,
有限会社シーズ・コーポレーション,
株式会社Ｒｅｖｉｓｉｏｎ,
株式会社ＤＲＥＡＭ　ＳＫＹ,
株式会社三晃社,
株式会社クリフ,
株式会社ソワレ,
株式会社シュガーデザイン,
サクセスプランニング株式会社,
株式会社ディップ・アンド・エス・トーキョー,
有限会社フォトスタジオヒフミ,
株式会社リバロ,
有限会社タケヒロ,
株式会社ノアーズアーク,
有限会社スタジオトキオ,
有限会社代々木カメラ,
株式会社ブライダルセンター寿屋,
有限会社写真のくまさん,
株式会社市川写真場,
イエロー株式会社,
株式会社インベスト,
株式会社Ｄ－ＰＬＵＳ,
有限会社テクノトップ,
株式会社アドライズ,
株式会社ＰＥＧＡＳ,
有限会社イメージ・クリエーション,
有限会社あからん,
有限会社パッシェフォト,
株式会社観心寺プロジェクト,
株式会社スタジオホットライン,
株式会社プロヴァンス,
株式会社フアインカラー,
株式会社マツヤマ・デザイン,
株式会社エルマーナ,
株式会社ヤナセ写真商会,
株式会社シルシ,
東京ワコー写真株式会社,
有限会社小川写真,
株式会社Ｍａｈａｌｏ,
株式会社北海カラープリント,
有限会社大橋スタジオ,
株式会社リトルビー,
株式会社明光堂,
有限会社ひらた写真スタジオ,
有限会社レイブプロジェクト,
福岡空撮株式会社,
株式会社ＭＩＴＩＮＡＳ,
禅株式会社,
有限会社カミムラ,
有限会社ナギラプロダクツ,
有限会社写真工房こんだ,
有限会社青葉写真館,
株式会社ディスコード,
株式会社ディーエスビット,
株式会社レ・プリュ,
株式会社コントラスト,
有限会社プレステージ,
有限会社アライヴ,
有限会社トップ・スペース,
株式会社オフィスファン,
有限会社写真のコアラ,
株式会社Ｉｍａｇｉｎｅｘｔ,
株式会社アドバタイジングエフ,
株式会社ハレバレシャシン,
はるの写真工芸株式会社,
株式会社カエル寫眞機,
株式会社アルカミクス総合研究所,
株式会社フォトデザイン・カンパニー,
有限会社むとう写真舘,
有限会社ホワイト写真舘,
株式会社サンフォトグラフィ,
株式会社ＣＵＢＥ,
日本特殊撮影株式会社,
株式会社エデュクリエーション,
株式会社藤田屋,
リビングストーリーズ株式会社,
有限会社シートピア,
株式会社岡崎写真館,
株式会社うぇぶたん,
株式会社Ｇｅｎｉｃ,
株式会社キリン,
株式会社インテ,
藪田ユニコン株式会社,
株式会社報徳会館,
いまじにあ株式会社,
株式会社Ｙｅｌｌ　ｔｒｅｅ,
株式会社スタジオタイム,
株式会社ヒューマンイノベーション,
有限会社ウエストフォトプロダクション,
株式会社芳賀ライブラリー,
扶和ドローン株式会社,
株式会社ｙｏｌｏｚ,
株式会社ＳｏＤＡ,
カズミア株式会社,
株式会社１０１,
株式会社ＯＮＥ　ＳＴＥＰ,
有限会社イマジン,
有限会社地域メディア研究所,
有限会社写真館タダシ,
株式会社ＶＯＹＡＧＥ,
株式会社篠﨑衣裳店,
金子写真事務所有限会社,
有限会社ケイプランニング,
有限会社泰平印刷,
株式会社中部朝日広告,
株式会社スペースインスペクター,
株式会社エノモト,
有限会社いけだ,
有限会社なかね呉服店,
兼山印刷株式会社,
株式会社ソレアード,
株式会社スクールフォトサービス１９５０,
株式会社近江屋,
株式会社セコ・インターナショナル,
株式会社スタデイオやまざき,
有限会社アイランドフォト,
株式会社淀名和呉服店,
有限会社マインド,
株式会社興栄,
コンセクエンスデザイン株式会社,
株式会社ＭＵ,
株式会社ワンピクセル,
有限会社春光商会,
有限会社ディンクス,
有限会社クリークコム,
有限会社盛工業,
株式会社アルファスタジオ,
ＳＵＮＳ　ＤＩＶＥ株式会社,
株式会社タクティカート,
Ｐｒｉｍｅ　Ｄｉｇｉｔａｌ株式会社,
株式会社ベストシーン,
株式会社パームデザイン,
有限会社カンダ・スタジオ,
株式会社世界,
株式会社Ｄ－ＬＩＦＥ,
有限会社ワン・アンド・カンパニー,
京都室町なないろや株式会社,
合同会社ビデオリンク,
株式会社エムアール企画,
有限会社オールニーズ・オブ・ジャパン,
株式会社ワイズコーポレーション,
有限会社新光商会,
有限会社本山写真室,
株式会社エムシーアール,
有限会社写真・おおの,
有限会社チェリカ,
株式会社ヒットオン,
有限会社和田スタジオ,
株式会社レジーア,
株式会社ピーエム,
株式会社ボーネンスエー,
有限会社アトム写真,
有限会社オカノ写真館,
株式会社宮原写真館,
有限会社ブライダル平北,
ＩＳＯＹＵ株式会社,
株式会社小樽写真販売,
有限会社スタジオエム,
株式会社みやびきもの,
株式会社アンサーイズニア,
川本写真株式会社,
株式会社写真のおちあい,
有限会社スタジオ夢銀河,
株式会社パブリックアートカムパニー,
有限会社北央カラー現像所,
有限会社日の出屋,
あさひデジタルエイト株式会社,
合同会社ユザメ,
株式会社まちいろぐみ,
有限会社イトウフォト,
有限会社北陽写真場,
ＤｉＲＥＣＴｉＯＮ株式会社,
有限会社井上写真館,
有限会社加藤写真館,
有限会社ヤマグチ,
株式会社鈴木衣裳店,
株式会社ハイランド,
フォトスタジオヒロセ株式会社,
株式会社アルメディア,
有限会社エムワン,
株式会社レン・マーケティング,
有限会社マエダ写真店,
株式会社アスティフ,
有限会社オオタカフォトスタジオ,
有限会社トマトシステム,
株式会社大和通商,
有限会社白木印刷,
有限会社坂本フォトグラフィックオフィス,
有限会社ストロベリーピクチャーズ,
有限会社若林写真工房,
有限会社おくやま写真館,
株式会社中部国際オークション,
株式会社阿部写真舘,
株式会社アートアクション,
有限会社東根カメラ店,
有限会社近畿プロジェクト,
有限会社サンプリント,
有限会社中元写真館,
株式会社エーキューブ・ネット,
株式会社コンチネント,
有限会社ヒップスター,
株式会社ソーダプラザ,
株式会社葉山,
有限会社マスコット,
株式会社ダイワフォート,
有限会社ビデオハンズ,
株式会社ディーシーエス,
有限会社福地写真館,
有限会社旭写真館,
株式会社ＰＩＥＣＥ,
株式会社藤田写真館,
株式会社立体造形工房,
株式会社ユニ・フォト,
レタープレス株式会社,
株式会社スカイ,
サンキュースタジオ有限会社,
有限会社エスプラニング,
株式会社Ｆａｍｉｌｅｃｔ,
有限会社黒田写真館,
デジタルイメージング株式会社,
株式会社カメラの春光堂,
株式会社阿部昌也写真事務所,
有限会社八戸カメラ,
株式会社西日本写房,
株式会社Ｃａｐｉｔａｌ　Ｍｅｄｉａ　Ｐｌａｎｎｉｎｇ　ｃｏ．,
株式会社イー・ティックス,
有限会社スタジオ・アイ,
有限会社スタジオ誠晃舎,
有限会社ササモトスタジオ,
有限会社ひかりカメラ,
有限会社小川カメラ店,
株式会社文優社,
株式会社第一楼,
株式会社コトモモ社,
株式会社扇屋,
株式会社ニーズ,
メディアワークス株式会社,
コトノハ株式会社,
ポトマック株式会社,
株式会社村重スタジオ,
株式会社エッジデザイン事務所,
株式会社ルーフカンパニー,
有限会社アサノカメラ,
株式会社サンネット,
有限会社メッセワールド,
有限会社エムアンドエムカラー,
エムフォトワークス株式会社,
株式会社北見写真館,
株式会社コスモス,
株式会社ムスビ,
有限会社中川カメラ,
株式会社ワールドフォトサービス,
有限会社うえの,
株式会社ｉｐｎｅｔ,
きりや愛誠有限会社,
ひよこファイターｍｕｓｉｃ合同会社,
東海写真スタジオ株式会社,
株式会社オン・ザ・ブリッジ,
有限会社月光スタジオ,
有限会社プロフォートコバン,
有限会社フォトマルシェ,
株式会社Ａ７Ｊ,
有限会社写真館かつみ,
株式会社コムプランニング,
有限会社スタジオ・アップ,
株式会社グッドヤード,
株式会社福島屋,
株式会社オーシャンデバイス,
有限会社ロマン写真,
有限会社花巻温泉写真社,
株式会社春光写真館,
有限会社ニトロブレイン,
有限会社日本写真工房,
有限会社イースト,
株式会社なりたカメラ,
有限会社玉川写真館,
有限会社ダンケ写真センター,
有限会社トラギヤラ,
株式会社正直屋,
スカイフォト株式会社,
株式会社デイズ,
大場印刷株式会社,
有限会社内田将二写真事務所,
有限会社奈良写真館,
有限会社コヤマカメラ店,
株式会社クローバーデザイン,
有限会社山口カメラ店,
株式会社瀬戸内航空写真,
有限会社エムツーワークス,
有限会社スズキ写真館,
株式会社ウメショウ,
株式会社スケールファクトリー,
有限会社鈴木写真館,
阿部スタジオ株式会社,
株式会社カラー写真工房,
クープロダクツ株式会社,
合同会社ジョートー,
株式会社ＫＳＰ,
株式会社フジインターシード,
株式会社渡辺衣裳店,
株式会社谷写真館,
有限会社エンデュオン,
有限会社本間写真館,
株式会社いけだ,
株式会社スタジオ・ラッシュライフ,
株式会社ＢｒｉｇｈｔＥＮ　ｐｈｏｔｏ,
株式会社Ｗａｃｋｅｒ,
株式会社リンクソルウ,
有限会社山口フォトサービス,
株式会社Ｙｅｌｌｏｗ　Ｓｅｅｄｓ,
株式会社東光企画,
エムエスアイデザイン株式会社,
有限会社サン写真スタジオ,
有限会社今尾海洋スタジオ,
株式会社日本総合ビジネス,
株式会社カメラショップ・ユザワ,
有限会社イズ・デザイン,
株式会社いとけん,
株式会社シンプリ,
有限会社ダムソン,
株式会社スタディオアフタモード,
有限会社宮田写真舘,
合資会社西郷カメラ店,
有限会社サン,
株式会社サンプロ,
株式会社フジ企画,
株式会社久我,
株式会社光揚,
有限会社シュット,
株式会社センス,
クローバー株式会社,
有限会社ダック,
有限会社クリエイト,
株式会社Ｊ．ドローン,
株式会社アサマ・ビジュアル・マスター,
株式会社セレンブライダル,
株式会社森浦商会,
有限会社ボイ,
有限会社高橋写真館,
株式会社白陽写真館,
株式会社ＥＸプロモーション,
ｖＬａｂ株式会社,
グリーン航業株式会社,
株式会社写真家屋椿,
有限会社アルプス印刷,
笹氣出版印刷株式会社,
株式会社真奈武,
有限会社丸登カメラ店,
株式会社ナカダ技研,
有限会社フォトスタジオマツモト,
株式会社イメージハウス,
株式会社フレイア,
株式会社ＦＦＣ,
Ｆｒｏｍ．Ｈ株式会社,
株式会社アメリカンリゾートホーム,
有限会社ナガタフォトスタジオ,
株式会社アルファビデオ,
株式会社ＬＯＢＯ,
有限会社アレムエージェンシー,
有限会社インスペックインターナショナル,
株式会社カメラのサイジョー,
株式会社秋コレ,
アンドバオ株式会社,
株式会社ＤＥＬＴＡ,
有限会社伊藤信商会,
有限会社オフィスケー,
株式会社ブルー,
あるぺん企画株式会社,
有限会社みやたけ工房,
有限会社スタジオクライム,
株式会社みぞばた,
ミカープロ合同会社,
株式会社プレックスワークス,
株式会社クルリ,
有限会社植田三代治写真事務所,
株式会社田嶋写真,
株式会社オレンジウェイ,
株式会社アーチ・コアインコーポレーテッド,
株式会社ライムグラフィック,
株式会社グリーンメール,
株式会社リソークリエーション,
株式会社ＴＩＰＳ,
株式会社ふじもと,
株式会社セントラル,
株式会社光画社,
株式会社吉野写真企画,
カメラタイム有限会社,
アートラボ株式会社,
株式会社プラザエンタープライズ,
有限会社フォトジュピー,
有限会社サカーナ,
有限会社まほろば,
株式会社貸衣裳いしかわ,
ｖｉ’ｓ株式会社,
株式会社アオキカラー,
有限会社ニックプランニング,
株式会社エテルナホールディングス,
ＤＺ－ＦＵＮ株式会社,
有限会社錦,
有限会社プラザヤマセ,
有限会社ぷらむ工房,
株式会社ＷＥＮＤ,
株式会社Ｏ．Ｋ,
株式会社リライト,
有限会社スタジオ・クー,
株式会社ファベール,
有限会社スタジオ大滝,
ワープボタン株式会社,
有限会社コウジヤ,
株式会社ワイズアンドアソシエイツ,
有限会社イワモト,
有限会社アルプスカメラ,
有限会社スタジオワコーカメラ,
株式会社特選呉服京彩,
国際航空写真株式会社,
株式会社ジーアンドビー,
Ｔｏｕｒｂｉｌｌｏｎ株式会社,
株式会社アリーズフォト,
株式会社ニッショウプロ,
有限会社プリーマ,
有限会社クー・アートメディア,
有限会社ヒラタテ写真館,
有限会社パール堂,
株式会社九州写真社,
有限会社かわせ美容室,
有限会社弘文舎,
株式会社フォトハウスまつき,
株式会社新宿スタジオ,
有限会社スタジオタイシン,
有限会社葉月写真工芸社,
株式会社縁ｅｎｉｓｈｉ,
ＨＩＬＯ株式会社,
株式会社リンクゲイン,
株式会社ゼロイチ,
株式会社東京アートアイ,
株式会社光映堂,
株式会社リーフ,
有限会社ひかり写真室,
株式会社スタジオイッツ,
有限会社コボリフォト企画,
有限会社寺田写真館,
アルファプラ株式会社,
有限会社フォトスタジオ・ミタ,
株式会社秋光,
有限会社中島事務所,
有限会社あんどうスタジオ,
株式会社スタジオエム,
有限会社岡村康写真事務所,
有限会社渡邊写真館,
有限会社とまる,
有限会社レガート,
株式会社プリンセスフォト,
有限会社美翔,
株式会社ソフィアコネクション,
株式会社ＭＳＴ,
有限会社エイト,
有限会社ビデオ企画リバティー,
株式会社プロカラー北都,
株式会社写苑,
有限会社オーリス,
株式会社トータルセオリー,
株式会社グローバルバンク,
エリオ写真出版株式会社,
株式会社文教堂,
有限会社フューチャープル,
株式会社ＦＥＡＴ,
株式会社絵夢,
株式会社クアーズ,
飛び猫合同会社,
株式会社ユニバーサル・プランズ,
有限会社スチルソリッド,
有限会社ドレスレビュー,
有限会社アーペグラフィック,
株式会社Ｊ－ＧＡＴＥ,
株式会社テニコラ,
有限会社富士写真工芸社,
株式会社トリビュート,
株式会社森山写真商会,
ラクサス株式会社,
株式会社エスポアール,
有限会社タケダ理美容室,
有限会社出本写真館,
株式会社佐野屋呉服店,
株式会社甲陽園カメラ,
株式会社福禄寿,
有限会社サンクスリソース,
有限会社クリスタ,
有限会社西脇写真館,
有限会社長谷川写真館,
株式会社アスティ・プロモーション,
有限会社アバン,
株式会社ＬＵＸＹＡＲＴ,
有限会社スタジオビートニクス,
有限会社フォートミズノ,
株式会社ソウル,
株式会社高知ドローン,
合資会社写真のタカハシ,
有限会社住吉孔版社,
有限会社あっぷ印刷工房,
株式会社アティモント・デザイン研究所,
株式会社モノリスファクトリー,
株式会社ＭＡＲＳ,
有限会社アートＪＡＰＡＮ,
株式会社中島写真,
有限会社メガロード,
ＭＭＭ映像空間株式会社,
有限会社北條写真スタジオ,
有限会社不二写真,
株式会社あざみ商会,
株式会社ゼン福岡スタジオ,
青葉カラー株式会社,
有限会社フォトスタジオかなつ,
有限会社滝沢写真館,
株式会社中澤写真場,
株式会社ひびき写真館,
株式会社エキスパートエージェンシー,
株式会社豊屋,
有限会社富士カメラ店,
レインボーカラーズ株式会社,
有限会社さとう写真館,
有限会社ペンギン商会,
有限会社飯村写真館,
有限会社平村写真館,
有限会社イフー,
株式会社シマザキ,
株式会社ナベリン・テイー・ブイ,
株式会社ミッション,
株式会社ＫＬＥＥ,
カラーズフォート株式会社,
有限会社井端カメラ,
有限会社カワサキスタジオ,
株式会社ブリッジプランニング,
株式会社ディーマ,
株式会社キタカツ,
有限会社千葉写真館,
株式会社フォトワーク大分,
有限会社ジュエリーフォト,
株式会社スタジオヒロセ,
株式会社三洋堂,
有限会社大富写真商事,
株式会社田中セレモニー,
株式会社ステッチデザインラボ,
株式会社ＫＡＮＳＡＩＰＲＥＳＳ,
株式会社チャム,
有限会社リーフエディット,
株式会社工藤写真館,
有限会社豊川写真事務所,
株式会社ウインザー,
株式会社マリエブランシュ,
株式会社ワイズ,
株式会社スラップショット,
株式会社メビウス,
株式会社ミヤガワ東京,
空撮サービス株式会社,
有限会社フオトスタジオカトー,
株式会社大羽写真館,
株式会社アイロン・ママ,
株式会社ｚｏｔＡ－ｐｒｏｊｅｃｔ,
有限会社齋藤企画,
株式会社スバコ,
有限会社アップルフォトスタジオ,
有限会社カメラのアトム商会,
有限会社福居写真館,
有限会社フラッグ,
株式会社フィールドトップ,
東北測量株式会社,
有限会社プランネル,
永井写真事務所株式会社,
阪神写真館株式会社,
有限会社フルヤ写真館,
株式会社ＲＡＮＡ　ＴＡＩＬ,
株式会社ＬｉＬｙ　Ｆｏｏｄｉｓｔ,
株式会社ＰＬＡＹＡＮＤＷＯＲＫ,
株式会社谷屋呉服店,
株式会社ウイズプランニング,
株式会社エックスオーデザイン,
有限会社クリスタルカラー,
岩木山ラジコン空港株式会社,
株式会社ザクサスアソシエイツ,
株式会社中村デザイン・アド,
株式会社グロースエンタープライズ,
株式会社古庄唐木屋薬局,
株式会社みどり光学社,
株式会社高橋工芸社,
株式会社ブルーアース,
有限会社テイク,
有限会社しんめい写真舘,
株式会社ナカガワ,
株式会社ギャルリーブルージュ,
有限会社タカチホカメラ,
株式会社丸萬,
株式会社カメラの藤田屋,
有限会社朝日カラー,
株式会社ブロウアップ,
有限会社映像工房,
株式会社アイワン,
株式会社呉服かく勇,
株式会社コネクト,
有限会社カメラのコバヤシ,
株式会社トップオブハート,
山形写真要品株式会社,
有限会社シンガイ写真館,
有限会社フジ,
有限会社館山カラーサービス,
株式会社グランフォート,
グライド株式会社,
双葉航測株式会社,
有限会社ショーヨー写場,
有限会社ミヤタオフィス,
株式会社フェローズネット,
有限会社マミーカメラ,
有限会社瀨戸衣裳,
株式会社ひまわり堂,
有限会社カセダフォト,
エーシーネットワーク株式会社,
ソラプラピクチャーズ合同会社,
株式会社ロッヂコープ,
有限会社デザインスタジオ・シャンティ,
有限会社マツミ,
株式会社カメラの光陽堂,
有限会社松沢カメラ,
株式会社寫真弘社,
株式会社伊東商事,
グレイシーテクノロジー株式会社,
北信光音株式会社,
株式会社アームズデザイン,
有限会社写真のなかざわ,
有限会社影山写真商会,
有限会社アーク,
株式会社メディアブレーン,
株式会社さくらい,
株式会社三ツ星呉服店,
株式会社佐久間本店,
有限会社イソダ写真館,
クシュン合同会社,
有限会社池田写真場,
有限会社ミタカスタジオ,
株式会社ＮＯＮ－ＳＴＹＬＥ,
株式会社神奈川孔文社,
株式会社加藤英太郎写真場,
株式会社フォトスタジオアライ,
有限会社アカミ写真館,
北栄産業有限会社,
有限会社倉見フォトスタジオ,
有限会社たかの写真館,
Ｒａｌａ　ｃｏｒｐｏｒａｔｉｏｎ株式会社,
株式会社山商,
株式会社エンコネクト,
株式会社エマ・ピクチャーズ,
ＲＩＧ株式会社,
株式会社ＮＥＸＸＵＳ,
株式会社ブリッシュ,
記念写真館株式会社,
エースフォトグラファー株式会社,
株式会社モンド写真企画,
有限会社テクニ・スタッフ,
有限会社写真のスザキ,
有限会社フォートハマダ,
有限会社山岸写真館,
株式会社システム工房,
株式会社アルペジオ,
有限会社福富写真舘,
有限会社イナバカメラ店,
株式会社アドステージ,
有限会社テクノウエイブ,
株式会社Ｃｒｏｓｓ　Ｄｉｓｓｏｌｖｅ,
有限会社渋谷写真館,
株式会社スタジオタナカ,
株式会社フレーズ,
有限会社レイルマンフォトオフィス,
株式会社原スタジオ,
有限会社ジャスパ,
スタジオヨシダラボ株式会社,
有限会社宮地カメラ,
有限会社スタジオ・イムス・ムラカミ,
株式会社ｇｏｏｇｏｌｐｌｅｘ　ｅｎｔｅｒｐｒｉｓｅ,
有限会社アネット,
有限会社古世写真館,
有限会社和光写真,
株式会社ＦＬＡＴ,
有限会社パブリックリレーションズ,
株式会社清水屋呉服店,
株式会社虎徹,
ヨシカワ写真舘有限会社,
株式会社エバーブルーアドバタイジングエージェンシー,
株式会社ＺＥＲＯ,
有限会社ヤマギワ,
アルト株式会社,
有限会社ジェイ・クリエーション,
ピーヴィー株式会社,
株式会社ロールライン,
有限会社東和フォトサービス,
オーバル株式会社,
有限会社亀有スタジオ,
有限会社アネックス,
有限会社ケイ・ツウ,
有限会社アンテナ,
国際写真株式会社,
有限会社里美写真,
有限会社カメラの井上,
株式会社クラリス,
株式会社クラテック,
有限会社杉山カメラ,
有限会社ながこしカメラ,
株式会社ｔａＵｔａ．ｐｈｏｔｏ,
有限会社立花写真館,
有限会社京都フォトセンター,
株式会社インサイト,
株式会社スタジオオン,
株式会社シーメ企画,
有限会社中岡写真館,
有限会社スカイサーベイ九州,
株式会社Ｆｌｙ　ＭＯＡ,
合名会社生原良幸写真事務所,
株式会社ピーエックスディ,
有限会社井上写真工房,
タメニーパーティーエージェント株式会社,
かふう株式会社,
有限会社タジマ光房,
株式会社瀬戸内カメラ,
有限会社エクラン,
有限会社エフ・ロクジュウヨン,
株式会社おぐら,
有限会社アピス,
株式会社写真の山一,
有限会社ケント,
有限会社マルヨシカメラ,
有限会社カメラのスギヤマ,
有限会社ファイブフォトスズキ,
有限会社スタジオ飛田,
スターメーカー株式会社,
株式会社栗田写真館,
プラザ企画株式会社,
有限会社昭和堂カメラ店,
有限会社ムラタカメラ,
株式会社アポロカラー,
株式会社ビッグバンスタジオ,
有限会社鋤田事務所,
株式会社池田写真館,
株式会社Ｈａｃｅｒ,
有限会社としま衣裳,
有限会社写真のタカダ,
アーグル有限会社,
株式会社よんろく,
株式会社スタジオ・ギブ,
有限会社青砥写真館,
株式会社パズルリング,
株式会社くまふメディア制作事務所,
有限会社ファイン,
アミエージェンシー株式会社,
有限会社ムナカタ写真館,
有限会社鳥居写真事務所,
株式会社サン光芸社,
株式会社むろた伍大,
株式会社マルニデザイン,
株式会社エムズ建装,
キキディポポ有限会社,
有限会社やなぎだ,
有限会社森川写真工房,
株式会社サクシード,
株式会社ペリドット,
有限会社攝津写眞工芸社,
杉山株式会社,
株式会社かつまた,
有限会社セセッション,
有限会社アップルスタジオ,
株式会社パシャ,
株式会社プランニングオフィス里映,
有限会社ツカモトカメラ,
匠航空株式会社,
山源写真株式会社,
株式会社東京クリエイティブ,
アペックス株式会社,
有限会社中部空撮,
有限会社写真の鮎川,
有限会社成田写真館,
有限会社曽又写真館,
小原写真工芸株式会社,
有限会社スタジオ・ワーク,
有限会社フォトスタジオ野川,
株式会社フォトキューブ,
有限会社日光堂写真,
株式会社アクエリアス,
有限会社渡辺写真館,
株式会社みそや呉服店,
株式会社六本木企画,
株式会社フェイマ,
有限会社沿海潜水調査,
有限会社日本交通流動リサーチ,
有限会社写真のヒガサ,
株式会社やまもと印刷工業,
有限会社クロサワカメラ店,
株式会社マンリー商会,
日南建工有限会社,
デザインプール株式会社,
株式会社清水光芸社,
有限会社ビジネス創研,
有限会社井上松影堂,
有限会社建築写真室,
有限会社三条鶴亀社,
株式会社ファーストスターグループ,
株式会社さくら堂,
株式会社プロフェット,
株式会社レモン社,
有限会社サイダカラー,
株式会社カメラのタオカ,
有限会社エースブライダル,
有限会社ビジュアルアーツ,
合同会社グッドネイバーズ,
株式会社ビデオ,
株式会社アートデザインセンター,
株式会社グッドパル,
株式会社リレーションズ,
株式会社ＭＡＳ,
有限会社万扇,
株式会社カナミ商会,
有限会社あいだ写真館,
株式会社共同航空エージェンシー,
有限会社つゝみカメラ,
リンクウッド株式会社,
有限会社アドセンター,
有限会社スクール・アート,
有限会社三宅写真館,
株式会社ＡＭＡＯＴＯ,
株式会社サイトウ,
有限会社三井スタジオ,
有限会社山本写真館,
株式会社カメラワーク,
株式会社パソム,
有限会社スタジオエイメイ,
有限会社京都もなみ,
有限会社小林写真館,
株式会社日之出衣裳店,
有限会社松村スタディオ,
有限会社セカンドウインド,
株式会社ヨダフォート,
有限会社ムラタフォトス,
株式会社ＣＰＣ,
有限会社写真のいのうえ,
株式会社イゾラ,
有限会社マルタ,
有限会社河野,
有限会社石原写真事務所,
有限会社おざき写真館,
有限会社岡本カメラ店,
有限会社フォトグラフィックオオイ,
有限会社大内写真館,
ワースプランニング有限会社,
株式会社七福人,
株式会社ゆいコーポレーション,
株式会社内田写真,
有限会社ピース,
株式会社メディアプラネット,
有限会社フォトワークス,
株式会社みよし写真工芸社,
株式会社広宣,
有限会社ティ・プランニング,
有限会社ゼン・コミュニケーションズ,
有限会社ジャムハウス,
栄川スタジオ株式会社,
株式会社森田写真館,
株式会社池野スタジオ,
株式会社オーバーウォッチフィルムズ,
株式会社木立写真館,
株式会社マイティワークス,
株式会社スタジオデッシャロ,
株式会社サトウカメラ,
有限会社ジョイスクリエーション,
市川衣裳株式会社,
有限会社シンマチカメラ,
アンダンテフォトオフィース株式会社,
株式会社地域文化財研究所,
株式会社小澤製作所,
小笠原写真館株式会社,
株式会社カンドウ,
株式会社ナレッジファクトリー,
株式会社ポケットキャッチ,
株式会社メモリーアート,
株式会社ファイブスタッフ,
株式会社京紅,
ヒューマン・アカデミック・テクノロジー株式会社,
有限会社ポパイ写真材料店,
有限会社明通エージェンシー,
株式会社ファーストプライズ,
株式会社速水制作,
株式会社ファインドカラー・エクス,
株式会社スズキフォトスタジオ,
株式会社立木写真館,
株式会社道東企画,
有限会社フォルム,
株式会社ダルクモデルズアンドファクトリー,
株式会社航空写真企画社,
有限会社イプシロン,
名探偵株式会社,
株式会社はやのや,
有限会社小樽永楽社,
株式会社片山写真館,
有限会社ＢＡＮＤＡＩＹＡ,
有限会社和田写真館,
国際総合企画株式会社,
株式会社クリアスタジオ,
有限会社高橋カメラ店,
有限会社トミタスタジオ,
株式会社ビープロ,
ＰＲＯ　ＭＩＮＤ株式会社,
ビットデザイン株式会社,
株式会社インテイク,
有限会社ふじや,
株式会社キャパ,
有限会社オフィス・メイ,
株式会社エースビジネス,
有限会社フロイネッツ,
株式会社ＣＡＲＺＹ,
株式会社アルジャーノン,
株式会社会田写真館,
株式会社村田写真館本館,
有限会社映光社,
有限会社スタジオあい,
株式会社フォーサイトクリエイション,
有限会社京都カラー現像所,
株式会社二進,
株式会社大隅商店,
株式会社エム,
株式会社ドリームネットワーク,
有限会社川澄写真店,
株式会社トモエ写真館,
株式会社Ａｎｋｕ,
株式会社オーヴル,
日吉印刷株式会社,
有限会社アップ・トゥ・カンパニー,
有限会社中央フォトサービス,
大阪写眞株式会社,
有限会社タクト,
株式会社鬼,
株式会社ドゥルック,
有限会社一色カメラ,
京都ナイスウェア株式会社,
株式会社トミフォトスタジオ,
株式会社日本プリンティング,
株式会社ＬｕｐｅＬａｂｏ,
株式会社エスパース,
株式会社深野写真館,
株式会社ブーン,
株式会社ニッセイトレーディング,
株式会社ノンバーバル,
株式会社フォートオフイスハント,
株式会社ディーラリエ,
株式会社ヤヨイ写真館,
株式会社スクールフォト,
株式会社アクトグラフィック,
ピクチュア株式会社,
有限会社オイタ写真社,
有限会社倉地写真店,
株式会社ＳＦＳ,
有限会社碓井式典,
有限会社すたぢおディ,
有限会社笹倉写真事務所,
株式会社チャンピオンシップス,
株式会社オワセカラー現像所,
株式会社八百富写眞機店,
株式会社アートコーポレーション,
カードマンジャパン株式会社,
株式会社もり写真,
パシフィックビジネス株式会社,
株式会社アイビー,
株式会社ＹＯＬＫ＆Ｃｏ．,
有限会社ホタルヤ,
株式会社ラプラス,
有限会社ライム,
ココロジック株式会社,
株式会社エイト・ボアー,
有限会社野口カメラ店,
有限会社メディア工房,
有限会社ユーコム,
株式会社ｂａｓｉｓ,
株式会社ＶＩＧ,
株式会社トランバード,
株式会社桑野写真館,
株式会社ハミングバード,
有限会社川口写真館,
合同会社クリエイティブネット,
日本文化伝承株式会社,
株式会社クナウパブリッシング,
有限会社八重垣写真館,
株式会社ミッションリンク,
有限会社テクノサンクス,
有限会社ウエキカメラ,
有限会社スタジオうえはら,
株式会社スタジオ・サイトー,
有限会社スタジオ中央,
株式会社マルビシ,
サンデンパ株式会社,
株式会社高野写真館,
株式会社ｈａｃｏ,
株式会社ドリームベース,
合資会社松浦衣裳店,
有限会社サイトースタジオ,
有限会社神宮アトリエ,
有限会社人夢キュイジーヌ,
株式会社Ａｇｅｌｅｓｓ,
株式会社ＰＥＡＣＥ　ＣＲＥＡＴＩＯＮ,
株式会社アキオスタジオ,
株式会社隈川写真館,
有限会社ヴィクトリー,
ｅｉｋ株式会社,
有限会社アドインパクトスタジオ,
有限会社大伏写真場,
株式会社バルケッタ,
有限会社ライフ写真,
有限会社高山カラー,
株式会社東光堂,
株式会社斉藤写真館,
有限会社パイナップル・アソシエイツ,
株式会社スズキ,
株式会社ｄｅｃ　ｂｏｃ,
有限会社佐々木豊写真館,
株式会社メディアクリエート,
アトリエ・フロール株式会社,
有限会社呉服やなぎ,
株式会社鈴木マイクロフィルム研究所,
アトラス株式会社,
株式会社ビジネス・コミユニケーシヨン研究所,
有限会社エフ・ブライダル,
有限会社ジークレフ,
有限会社タキオカ写真,
フォートラン株式会社,
有限会社幾久鶴,
株式会社辻本写真館,
株式会社アイエスオーグラフィック,
有限会社イナバ富士写真館,
有限会社はっとり写真工房,
株式会社ニシハラ印刷,
有限会社スタジオダダ,
株式会社ＳＨＩＮＫ,
株式会社マッシュ,
株式会社ａｉ　ｍｏｖｅ,
株式会社ワイズクリエイト,
株式会社なちゅふぉと,
有限会社ワカマツ・ワークス,
電通工業株式会社,
株式会社木村写真館,
株式会社文化堂,
有限会社末沢写真館,
株式会社ナチュラ,
株式会社上原フォートスタジオ,
有限会社アサヒ写真館,
有限会社森山スタジオ,
株式会社ライトアップ,
株式会社白いアトリエ,
三洋繊維株式会社,
有限会社パワー・ボックス,
株式会社Ｆｏｒｅｓｔ　Ｈｉｌｌ,
株式会社カメラセンター,
株式会社ノワール,
コンテンツ株式会社,
株式会社アドヴァージュ,
有限会社大木光芸社,
株式会社アデックス・アイ,
有限会社さざなみ写真館,
株式会社葛西屋商店,
有限会社写真のさくらい,
有限会社コジマカメラ,
有限会社タカツ写真館,
株式会社小袖,
有限会社スズキフォトスタジオ,
有限会社長野ブライダル,
株式会社アジアブレーン,
株式会社藤原企画,
株式会社ＢＷＪ,
株式会社ＬＬ　ＭＡＲＫＥＴ,
有限会社スタジオガルフ,
三井堂株式会社,
株式会社フォトリエ,
株式会社ウェディングポスト,
株式会社宝衣裳,
有限会社おぐり,
株式会社カメラのスナオシ,
株式会社ハザマ写真場,
渡辺カメラ有限会社,
株式会社ゴリラウェブ,
株式会社ＨＡＲＥＮＯＨＩＤＥＳＩＧＮ,
有限会社写真工房四季,
クラウン・フォート株式会社,
株式会社ＶＧＬ,
有限会社シルバーウイング,
シーエスディ株式会社,
豊印刷株式会社,
有限会社ストラーダ,
株式会社ユニティップス,
株式会社マモネット,
株式会社神尾スタジオ,
クリエイト・ピクチャーズ株式会社,
株式会社尾上写真場,
有限会社タカハシ・フォト・スタジオ,
株式会社ドゥ・ファクトリー,
株式会社プランニングテイク・スリー,
有限会社フォト・スタジオＹＡＳＵＫＯ,
株式会社ＷＡＧＯＮ,
株式会社フレーム,
株式会社アトリエ・ハル,
有限会社クリハラ写真館,
有限会社写真のワカナ,
株式会社内山晟動物写真事務所,
株式会社ＳＯＬＡ,
株式会社フローラアクティブＨＤ,
株式会社ナインフィールド,
株式会社キタムラ・ホールディングス,
株式会社ノーベル,
有限会社カンゴロー事務所,
有限会社みゆきカメラ,
株式会社石塚繊維,
有限会社スタジオクニ,
株式会社光潮社,
株式会社イッシュ,
静岡測量株式会社,
有限会社フォトシステム,
株式会社彩り企画,
ニイダ株式会社,
有限会社カメラの茂木,
有限会社貸衣裳のうえの,
有限会社カメラはスズキ,
株式会社クリエイティブアイズ,
株式会社ミシマ写真館,
株式会社ポストメディア,
有限会社ダインフオトグラフイ,
合同会社ＣＡＭＥＺＯ,
株式会社アルフォース,
株式会社カリノカラー,
株式会社ミクニ,
株式会社パスワーク,
オーシマ・スタジオ有限会社,
株式会社美山,
有限会社柿元写真館,
株式会社八木呉服店,
有限会社矢吹写真館,
株式会社写真のたなかや,
有限会社イソメ写真館,
株式会社エムロード,
株式会社東條会館,
株式会社パーシヴァル,
株式会社Ｆｌａｇ　ｕｐ,
株式会社映像メディア,
株式会社メディアード,
株式会社ＳＷＩＦＴ,
株式会社トゥインクリン,
株式会社クォーツ,
株式会社イーテックスジャパン,
株式会社無限,
株式会社Ｇｅｎｏａ,
山田写真株式会社,
株式会社ＶＩＤＷＥＢ,
株式会社デジクリ,
有限会社ワンダー,
株式会社ブランドクロス,
株式会社アクセスアイ,
株式会社セトウ,
株式会社ジャム,
有限会社タイムメモリー,
株式会社プラーム横浜,
今谷コミュニケーションズ株式会社,
ディヴォートソリューション株式会社,
有限会社エスティースタジオ,
株式会社Ｔｈｒｅｅ　Ｐｉｅｃｅ　Ｌａｂ,
ケースプランニング株式会社,
有限会社はら写真館,
株式会社岡本写真館,
株式会社宮川写真舘,
株式会社和の刻,
有限会社アン・オウル・ワークス,
株式会社ＡＵＮ,
有限会社イトウ写真工房,
株式会社写真の双葉,
アンドジール株式会社,
株式会社スタジオセゾン,
株式会社イマージュ,
有限会社宮田カメラ,
有限会社オクト,
株式会社ブレーンボックス,
株式会社ＰＬＡＮ　Ａ,
株式会社アートスペース,
株式会社池田屋,
サクセスフェイス株式会社,
有限会社ｔｓｕｒｕｙａブライダルサロン,
株式会社ＷＷＧ,
株式会社米友カメラ,
有限会社アルヴァクリエーション,
有限会社スタジオティーボーン,
有限会社アクティブワーク,
株式会社レーベルエージェンシー,
長苗印刷株式会社,
有限会社フォトオフィス先崎,
株式会社Ｗｈｉｔｅ　Ｉｎｔｅｒａｃｔｉｖｅ,
株式会社レイコミュニケーション,
株式会社Ａ　ｍａｒｋ,
株式会社ＭＩＲＡＩＺＵ,
合同会社ＣＩＮＥＭＡ　ＥＹＥＳ,
ｉｎｆｏ　ｐｏｒｔ株式会社,
株式会社エビータ,
株式会社スプルースインク,
株式会社マイクズプロ,
株式会社ＣＲＯＳＳ　ＲＯＡＤ,
株式会社ｒｅｂｅｃｃａ,
株式会社ムラタフォトスタジオ,
株式会社フルリ,
株式会社アムレート,
株式会社マムハウス,
株式会社アイワークス,
株式会社ＪＯＵＬＥ　ＰＬＵＳ,
有限会社総合ブライダル館いのうえ,
有限会社芦屋写真室,
株式会社ソリッドステップ,
有限会社ホズミ写真店,
株式会社フードプロジェクト製作所,
株式会社マス・ブレーン,
有限会社アド・レート,
株式会社トリコット,
有限会社富士光芸社,
株式会社ツウインクルフォト,
株式会社ストーンフラワー,
株式会社イーセンス,
ウェボリューション株式会社,
有限会社ミッキー,
有限会社サンスタジオコーポレーション,
株式会社フォトスタジオ八木,
有限会社ホープサンジャパン,
株式会社めい美,
株式会社ＭＡＲＩＡ,
有限会社神村写真館,
株式会社前島写真店,
株式会社誠光写真企画,
Ｎｏｗ　Ｙｏｕ　Ｓｅｅ株式会社,
有限会社アクアイメージ,
有限会社スタジオアミ鹿児島中央館,
有限会社新藤事務所,
有限会社フォトショップくずは,
エース印刷株式会社,
有限会社湯沢フォトサービス,
有限会社スタジオ・スペースフォト,
株式会社Ｋ＆Ｋ,
株式会社マヒア,
有限会社イセヤ,
株式会社みどり美粧院,
有限会社アヅマ写真店,
株式会社フジワラ,
株式会社クリエイティブ１７,
株式会社エイチケイグラフィックス,
株式会社ハナヤ勘兵衛,
株式会社時代村,
有限会社ヘアークリエイション,
有限会社ダイドーカメラ,
株式会社スポーツマネージメント,
桜工業写真株式会社,
株式会社ＤＩソリューションズ,
株式会社ＴＥＬＬＭＥ　ＤＥＳＩＧＮＳ,
株式会社ペップ,
有限会社スタジオ・フェードイン,
有限会社冨士写真館,
株式会社ファーストテンズ,
株式会社メディア・ラボ,
タグチスタジオ株式会社,
株式会社Ｄｉａｍｏｎｄｓ－Ｓｔａｇｅ,
株式会社フルハウス,
株式会社グラムスタイルインターナショナル,
有限会社新栄観光,
モス物流プランニング株式会社,
有限会社ライムフィルム,
株式会社トリニティ,
有限会社コミヤ写真館,
株式会社光巧舎,
有限会社光翔,
株式会社モピテック,
株式会社ジモネット,
株式会社富士錦,
有限会社創文舎,
有限会社写真のさとう,
有限会社植野製作所,
株式会社ＤＮＰホリーホック,
株式会社五十鈴,
ノルデンカラーズ株式会社,
株式会社ブレーンファクトリー,
株式会社ザ・ドアーズ,
株式会社ＲＩＣＯ,
株式会社さくらや,
ＦＡＣＴＯＲ株式会社,
イースタン・ファーム・ビレッジ株式会社,
有限会社マミー,
株式会社マツケン,
株式会社小林写真館,
有限会社アーバン・クラフト,
有限会社ピノキオ,
有限会社藤原写真,
株式会社ＤＳＣ,
有限会社スタジオ嶋,
株式会社モアミザン,
シピリカピクチャーズ株式会社,
株式会社吉武商会,
株式会社ｔｈｅ　ＧＵＥＳＴ,
株式会社ケイズファクトリー,
有限会社ウェーブ,
有限会社富士五湖写真,
株式会社ノン・ルーティン,
有限会社保苅写真館,
株式会社ＵＮＤＥＳＩＧＮＥＤ　ＳＴＵＤＩＯ,
株式会社マキ・コーポレーション,
有限会社コミュニケーション・フォーム,
株式会社Ｄｏ,
有限会社マシマ・レイルウェイ・ピクチャーズ,
株式会社アド・グラフィック,
株式会社ＬＩＢ,
株式会社フオート・キシモト,
有限会社さっぽろフォトライブ,
有限会社ワイイーワイ,
株式会社ダックス,
合資会社グレアトーン,
株式会社コス,
株式会社ＤｅＳＩＧＮ　ＰＬＵＳ,
有限会社ライブリーハート,
株式会社ＬＵＤＩＳ,
満室経営株式会社,
株式会社紺文シルク,
株式会社エムアンドエムエンタープライズ,
株式会社青い鳥,
株式会社週刊長野新聞社,
株式会社石引写真館,
株式会社アットファンズ・マーケティング,
有限会社ポプリ,
有限会社カメラのキクヤ,
有限会社アド写真店,
株式会社ブラフ,
有限会社ライズ,
磯﨑印刷株式会社,
株式会社共和カメラ,
夢を叶える株式会社,
有限会社サンカラー,
Ｊａｐａｎ　Ｆｏｒｗａｒｄｉｎｇ　Ａｇｅｎｃｙ株式会社,
株式会社Ｊａｍ,
有限会社フォトスタジオ・アイ,
株式会社たから写真館,
株式会社豊盛,
株式会社アトリエあふろ,
有限会社七櫻,
株式会社大正写真社,
ペンダカンパニー合同会社,
株式会社ブリッジ,
株式会社コントレイル,
株式会社グリーンフォート,
株式会社ビーム,
ブロス株式会社,
有限会社ふじスタジオ,
株式会社蘭,
有限会社グラン,
タカウチスタジオ有限会社,
株式会社奄美カラー,
株式会社Ｃｕｅ,
株式会社ＡＬＣ,
Ｓａｌｔ　Ｓｔａｇｉｎｇ株式会社,
有限会社オリエント工房,
株式会社県民共済総合サービス,
株式会社グリーンフォトセンター,
株式会社ジェイズ,
有限会社わくたま写場,
株式会社ヒロテック,
株式会社ＦＵＬＬ　ＤＥＳＩＧＮ,
株式会社田村写真館,
渡辺フォト企画株式会社,
株式会社ＫＯＷＡ,
株式会社はなぶさ,
有限会社蛯子写真館,
株式会社四条黒田,
株式会社イマジネーション,
有限会社スタジオナニワ,
株式会社舟屋,
株式会社アストライ,
株式会社大正堂写真,
有限会社プロタート,
有限会社マキ,
株式会社加喜屋,
株式会社Ｎｅｔ　Ｌｉｆｅ,
有限会社第一コミュニケーション,
有限会社Ａｋａｎｅ美容室,
株式会社北海道アート社,
株式会社ＭＯＢ,
有限会社ヘイズ,
株式会社ケンレック,
株式会社プリズム,
株式会社セルフィット,
株式会社大阪建設工業新聞社,
有限会社ケイフォトスタジオ,
株式会社アリガ・ピクチャーズ,
株式会社モダンタイムス,
Ｏｕｒ　Ｐｈｏｔｏ株式会社,
有限会社プラスクラフト,
株式会社大川直人写真事務所,
有限会社ウエストビレッジ,
株式会社小鳥遊,
株式会社デジテン,
株式会社ハレルヤ,
有限会社ホッタスタジオ,
株式会社かね屋,
有限会社フォト・プランニング高知,
有限会社三光写真館,
株式会社アートクラフト,
有限会社重松写真工房,
有限会社フロムファースト,
有限会社西川写真,
株式会社サンライズ現像所,
株式会社ユーズ,
株式会社ダイアカラー,
株式会社フロントテック,
ブロンズマン株式会社,
株式会社猪股企画事務所,
有限会社アップルソースゴーイング,
株式会社ビデオアップ,
有限会社イチウラ写真館,
株式会社フレミッシュ,
株式会社新光写真館,
それいけシステムコンサルティング株式会社,
株式会社毛利写真館,
株式会社今泉カメラ,
合資会社天野写真室,
株式会社２４ｔｏ　Ｐｒｏｄｕｃｅ,
株式会社山京,
株式会社エース・ワン,
株式会社サカキバラ,
有限会社中川フォトアトリエ,
有限会社マツオカ,
株式会社ふおと神奈川,
ロイテックジャパン株式会社,
株式会社写真柳下,
株式会社ライオン写真館,
株式会社ｔｕｋｕｒｕ,
ＭＮＴ株式会社,
東京写真工芸株式会社,
株式会社読売群馬広告社,
日本マイダス株式会社,
株式会社ＭＩＮＩ,
有限会社ビデオ工房名古屋,
有限会社フォトシバタ,
株式会社ｔｈｒｅｅ　ｇｏ　ｒｏｕｎｄ,
株式会社Ｆａｂｒｉｃ　Ａｒｔｓ,
株式会社３Ｓ企画研究所,
株式会社第五企画,
有限会社ジョイフォートサービス,
有限会社スマイル写真店,
有限会社ブレインボート,
株式会社ジェイエスプロモーションズ,
株式会社ピースモンキー,
マザーシップテクノロジー株式会社,
株式会社ムーンシネマ,
有限会社スカイエンジェル,
株式会社レクスト・アイ,
株式会社トキワヤ呉服店,
有限会社佐々木写真館,
株式会社パトラ,
株式会社スタジオボンド,
株式会社東京アクト,
株式会社沖縄創造社,
トレンドスター株式会社,
株式会社糸しょう,
株式会社光陽モネカ,
株式会社ディーエフシー,
株式会社クエスト,
株式会社ウェブプラネット,
株式会社ナマケモノ,
モビール株式会社,
有限会社カメラのクワハラ,
有限会社岡村写真工房セピア,
有限会社ウォーター・フィッシュ,
株式会社アンドディファレンス,
株式会社リアクト,
西日本観光写真有限会社,
有限会社都志満,
株式会社マンベスト,
株式会社アートクレア,
株式会社わかば,
株式会社ディフォス,
有限会社アイワ,
株式会社ライコン,
有限会社光芸社,
有限会社久良多商会,
ＲＳプロダクト株式会社,
有限会社彩華,
ＬＳ．ｃｌｏｕｄ株式会社,
有限会社湘南写真工芸社,
近代航空株式会社,
有限会社スドー写真館,
株式会社オフィスタナカ,
有限会社久保田写真館,
株式会社森山フォトシステムズ,
株式会社オクターヴ,
株式会社クライムアップ,
有限会社オープンハウス,
株式会社ＳＰＯ,
株式会社マツヤカメラ,
株式会社中村写真事務所,
合名会社マシマロ・ウェブ・クリエーション,
株式会社カメラのサンヨー,
有限会社日英写真館,
株式会社夢工房,
有限会社コーベット・フォトエージェンシー,
株式会社ジオット,
有限会社写空間,
株式会社東光社,
株式会社山陰フジカラー,
タクミ印刷有限会社,
有限会社山口神佛具店,
マルチアングルクリエイト株式会社,
株式会社エフ・スタッフルーム,
有限会社インタースタジオ,
有限会社クリエイティブ・ハウス・フォーカス,
株式会社ＢＥ　ＮＡＴＵＲＡＬ,
内田写真株式会社,
株式会社Ｓｔａｒ　Ｍａｋｅｒ　Ｓｔｕｄｉｏ,
有限会社写真・ミナカワ,
株式会社ＧＴアソシエイション,
有限会社クリエイティブ伝,
株式会社ＧＥＫＫＯ,
有限会社フォートウエノ,
有限会社宮本写真館,
株式会社エクスネット,
有限会社カメラの石山,
有限会社レアル,
有限会社スライド企画,
有限会社ヤスダフォトスタジオ,
株式会社ミナミカラー現像所,
有限会社アートファイブ,
株式会社ニボー,
株式会社福田カメラ,
有限会社衣舞,
有限会社川村スタジオ,
株式会社ナミナス,
有限会社リツコー潜研,
株式会社うるわしき,
株式会社Ｚｅｌｅ,
有限会社光研社,
株式会社アイフォトスタイル,
株式会社スタジオエムジー,
有限会社千代田写真館,
株式会社ペアフリー,
有限会社尾松写真館,
株式会社代田ファクトリー,
株式会社スタジオオーツー,
道南観光写真株式会社,
株式会社ブライダル・イトマン,
ｏｔｏｍｏ株式会社,
株式会社アールズデザインオフィス,
株式会社かやしま写真スタジオ,
株式会社ジョイ・ナス,
株式会社スライムコーポレーション,
株式会社サンリフォーム,
有限会社アサノ写真機店,
株式会社ミチプロ,
有限会社スタジオあんぐる,
株式会社キアラ,
株式会社バディ,
株式会社京べに,
株式会社ロイヤルカラー,
株式会社エーティー・ファクトリー,
有限会社ウエムラスタジオ,
有限会社まくたスタジオ,
有限会社ヤマダフオト,
有限会社アップロード,
株式会社伊達公益社,
株式会社京都リビングコーポレーション,
株式会社フォトライブ,
有限会社神永写真館,
株式会社ＥＡＮＯ　ＣＲＥＡＴＩＯＮ,
株式会社マイイヴ,
株式会社アディア,
アートカメラ有限会社,
クロスメディア有限会社,
藝佳株式会社,
有限会社紫香堂印刷所,
株式会社ステア,
株式会社ウェビー,
株式会社Ｂｅｌｌｅｚｚａ　ｅ　Ｇｒａｆｉｃａ,
株式会社みこし,
株式会社日本エステート,
ＮＴＳリサーチ株式会社,
株式会社丸上プランニング,
株式会社ウエタケ,
アップハーツ株式会社,
株式会社Ｌｅｏｎ,
株式会社ボヌール,
有限会社アップル,
有限会社スピードカラーセンター,
有限会社アズ,
テンファイブ株式会社,
有限会社衣裳センター,
株式会社ステップイエダ,
株式会社Ａｈｏｒａ　Ｗｏｒｋｓ,
株式会社アドコンシェルジュ,
有限会社イルニードスタジオ,
株式会社ＮＡＯＳ,
有限会社田表写真館,
株式会社スタッシュ,
株式会社サンフォート,
株式会社オキタ,
有限会社進栄社,
株式会社尾崎堂,
東京カードソリューションズ株式会社,
ＡＮＧＥ株式会社,
株式会社ＤＥＸＩ,
株式会社ディーエルアール,
株式会社よつば写真,
合同会社千駄谷企画制作所,
有限会社鍋島徳恭写真事務所,
株式会社山田写真館,
株式会社フォトスタジオマツミヤ,
アノイ合同会社,
有限会社西岡スタジオ,
株式会社ウィズプロデュース,
シナスタジアデザイン合同会社,
Ｎａｔｉｖｅ　Ｓｔｏｒｙ株式会社,
スマイルホーム株式会社,
株式会社フォー・ファイヴ,
株式会社Ｖｏｔａｎ,
スタジオライズ株式会社,
株式会社吉川写真館,
株式会社ヒーローズ,
有限会社シャイニー,
株式会社ケイワールド,
株式会社フードプロデュースジャパン,
株式会社写真のすぎえ,
株式会社オカバヤシ,
有限会社フォトハウス,
株式会社栄彩,
株式会社ｂａｓｅ,
有限会社新日本社,
株式会社ホシノスタジオ,
株式会社ファーイースト,
株式会社ｔｅｒｍｉｎａｌ,
大富印刷株式会社,
有限会社プロ・フィールド,
有限会社三陽会館,
アジュール株式会社,
株式会社オカダ写真,
ウサくま有限会社,
株式会社ブレファ,
有限会社東峰フォト,
株式会社アルテモデルノ,
有限会社プリパブリシティ,
有限会社ティーズインターナショナル,
株式会社ＢＥＹＯＮＤ,
合同会社ＳＮＡＰＬＡＣＥ,
ブライオンズ株式会社,
株式会社野生態系Ｈｏｌｍｅｓ,
有限会社スタジオフジ,
株式会社あかね,
株式会社バックス,
有限会社九州アルバム写真社,
株式会社七光,
有限会社小手川写真館,
有限会社オフィス・フォルツァ,
有限会社内康,
有限会社マルチニーク,
有限会社呉服の美都,
株式会社新生カラー,
株式会社ウォータービレッジ,
株式会社ｇｒｅｅｎ　ｐｅａｃｅ,
有限会社スタジオ游,
有限会社よつぎ美容院,
株式会社クロコロール,
有限会社ディビナブランチ,
株式会社写真館はらだ,
株式会社アバンス,
株式会社アド・ホック,
有限会社本郷写真商会,
有限会社広丁フォト,
有限会社アルファ,
株式会社森山写真場,
有限会社フォトハウス・ネオ,
株式会社おりがみ,
有限会社ケイワークス,
日野台印刷株式会社,
株式会社まるへい,
株式会社ブルーミング,
株式会社ムービング,
株式会社スタジオ・インプレス,
株式会社みんなと,
有限会社アイビー,
株式会社京葉広告社,
有限会社オザキフォトストーリー,
株式会社ハッピースマイル,
有限会社カメラの秩父堂,
有限会社柿野屋印刷所,
有限会社フォ・ラージュ,
株式会社ジオ写真亊務所,
株式会社フロッシュ,
アジア調査代行株式会社,
株式会社スタジオエス,
株式会社ぼんぼんハウス,
株式会社Ｂｅ－Ｃｒａｆｔ８,
スタツフ・テス株式会社,
株式会社ペンコミュニケーション,
株式会社Ｃ２,
有限会社高砂スタジオ,
株式会社ミニラクリエイティブ,
