URL,HP
https://toyota.jp/service/dealer/spt/search?CN=T&OFFICE_CD=01101&padid=dealer_spt_store_list_company_01101,旭川トヨタ自動車株式会社
https://toyota.jp/service/dealer/spt/search?CN=T&OFFICE_CD=01201&padid=dealer_spt_store_list_company_01201,札幌トヨタ自動車株式会社
https://toyota.jp/service/dealer/spt/search?CN=T&OFFICE_CD=01301&padid=dealer_spt_store_list_company_01301,函館トヨタ
https://toyota.jp/service/dealer/spt/search?CN=T&OFFICE_CD=01401&padid=dealer_spt_store_list_company_01401,釧路トヨタ自動車株式会社
https://toyota.jp/service/dealer/spt/search?CN=P&OFFICE_CD=11101&padid=dealer_spt_store_list_company_11101,旭川トヨペット株式会社
https://toyota.jp/service/dealer/spt/search?CN=P&OFFICE_CD=11201&padid=dealer_spt_store_list_company_11201,札幌トヨペット株式会社
https://toyota.jp/service/dealer/spt/search?CN=P&OFFICE_CD=11301&padid=dealer_spt_store_list_company_11301,函館トヨペット株式会社
https://toyota.jp/service/dealer/spt/search?CN=P&OFFICE_CD=11401&padid=dealer_spt_store_list_company_11401,トヨタモビリティ釧路株式会社
https://toyota.jp/service/dealer/spt/search?CN=P&OFFICE_CD=11501&padid=dealer_spt_store_list_company_11501,帯広トヨペット株式会社
https://toyota.jp/service/dealer/spt/search?CN=P&OFFICE_CD=11601&padid=dealer_spt_store_list_company_11601,北見トヨペット株式会社
https://toyota.jp/service/dealer/spt/search?CN=C&OFFICE_CD=31101&padid=dealer_spt_store_list_company_31101,トヨタカローラ旭川株式会社
https://toyota.jp/service/dealer/spt/search?CN=C&OFFICE_CD=31102&padid=dealer_spt_store_list_company_31102,トヨタカローラ道北株式会社
https://toyota.jp/service/dealer/spt/search?CN=C&OFFICE_CD=31201&padid=dealer_spt_store_list_company_31201,トヨタカローラ札幌株式会社
https://toyota.jp/service/dealer/spt/search?CN=C&OFFICE_CD=31301&padid=dealer_spt_store_list_company_31301,トヨタカローラ函館株式会社
https://toyota.jp/service/dealer/spt/search?CN=C&OFFICE_CD=31501&padid=dealer_spt_store_list_company_31501,トヨタカローラ帯広株式会社
https://toyota.jp/service/dealer/spt/search?CN=C&OFFICE_CD=31601&padid=dealer_spt_store_list_company_31601,トヨタカローラ北見株式会社
https://toyota.jp/service/dealer/spt/search?CN=C&OFFICE_CD=31701&padid=dealer_spt_store_list_company_31701,トヨタカローラ苫小牧株式会社
https://toyota.jp/service/dealer/spt/search?CN=N&OFFICE_CD=41101&padid=dealer_spt_store_list_company_41101,ネッツトヨタ旭川株式会社
https://toyota.jp/service/dealer/spt/search?CN=N&OFFICE_CD=51101&padid=dealer_spt_store_list_company_51101,ネッツトヨタたいせつ株式会社
https://toyota.jp/service/dealer/spt/search?CN=N&OFFICE_CD=41201&padid=dealer_spt_store_list_company_41201,ネッツトヨタ札幌株式会社
https://toyota.jp/service/dealer/spt/search?CN=N&OFFICE_CD=51201&padid=dealer_spt_store_list_company_51201,ネッツトヨタ道都株式会社
https://toyota.jp/service/dealer/spt/search?CN=N&OFFICE_CD=41301&padid=dealer_spt_store_list_company_41301,ネッツトヨタ函館株式会社
https://toyota.jp/service/dealer/spt/search?CN=N&OFFICE_CD=41401&padid=dealer_spt_store_list_company_41401,ネッツトヨタ釧路株式会社
https://toyota.jp/service/dealer/spt/search?CN=N&OFFICE_CD=41501&padid=dealer_spt_store_list_company_41501,ネッツトヨタ帯広株式会社
https://toyota.jp/service/dealer/spt/search?CN=N&OFFICE_CD=41601&padid=dealer_spt_store_list_company_41601,ネッツトヨタ北見株式会社
https://toyota.jp/service/dealer/spt/search?CN=N&OFFICE_CD=41701&padid=dealer_spt_store_list_company_41701,ネッツトヨタ苫小牧株式会社
https://toyota.jp/service/dealer/spt/search?CN=T&OFFICE_CD=02101&padid=dealer_spt_store_list_company_02101,青森トヨタ自動車株式会社
https://toyota.jp/service/dealer/spt/search?CN=P&OFFICE_CD=12101&padid=dealer_spt_store_list_company_12101,青森トヨペット株式会社
https://toyota.jp/service/dealer/spt/search?CN=C&OFFICE_CD=32101&padid=dealer_spt_store_list_company_32101,トヨタカローラ青森株式会社
https://toyota.jp/service/dealer/spt/search?CN=C&OFFICE_CD=32102&padid=dealer_spt_store_list_company_32102,トヨタカローラ八戸株式会社
https://toyota.jp/service/dealer/spt/search?CN=N&OFFICE_CD=42101&padid=dealer_spt_store_list_company_42101,ネッツトヨタ青森株式会社
https://toyota.jp/service/dealer/spt/search?CN=N&OFFICE_CD=52101&padid=dealer_spt_store_list_company_52101,ネッツトヨタみちのく株式会社
https://toyota.jp/service/dealer/spt/search?CN=T&OFFICE_CD=02201&padid=dealer_spt_store_list_company_02201,岩手トヨタ自動車株式会社
https://toyota.jp/service/dealer/spt/search?CN=P&OFFICE_CD=12201&padid=dealer_spt_store_list_company_12201,岩手トヨペット株式会社
https://toyota.jp/service/dealer/spt/search?CN=C&OFFICE_CD=32201&padid=dealer_spt_store_list_company_32201,トヨタカローラ岩手株式会社
https://toyota.jp/service/dealer/spt/search?CN=C&OFFICE_CD=32202&padid=dealer_spt_store_list_company_32202,トヨタカローラ南岩手株式会社
https://toyota.jp/service/dealer/spt/search?CN=N&OFFICE_CD=42201&padid=dealer_spt_store_list_company_42201,ネッツトヨタ岩手株式会社
https://toyota.jp/service/dealer/spt/search?CN=N&OFFICE_CD=52201&padid=dealer_spt_store_list_company_52201,ネッツトヨタ盛岡株式会社
https://toyota.jp/service/dealer/spt/search?CN=T&OFFICE_CD=02301&padid=dealer_spt_store_list_company_02301,宮城トヨタ
https://toyota.jp/service/dealer/spt/search?CN=P&OFFICE_CD=12301&padid=dealer_spt_store_list_company_12301,仙台トヨペット株式会社
https://toyota.jp/service/dealer/spt/search?CN=N&OFFICE_CD=42301&padid=dealer_spt_store_list_company_42301,ネッツトヨタ仙台株式会社
https://toyota.jp/service/dealer/spt/search?CN=T&OFFICE_CD=02401&padid=dealer_spt_store_list_company_02401,秋田トヨタ自動車株式会社
https://toyota.jp/service/dealer/spt/search?CN=P&OFFICE_CD=12401&padid=dealer_spt_store_list_company_12401,秋田トヨペット株式会社
https://toyota.jp/service/dealer/spt/search?CN=C&OFFICE_CD=32401&padid=dealer_spt_store_list_company_32401,トヨタカローラ秋田株式会社
https://toyota.jp/service/dealer/spt/search?CN=N&OFFICE_CD=42401&padid=dealer_spt_store_list_company_42401,ネッツトヨタ秋田株式会社
https://toyota.jp/service/dealer/spt/search?CN=T&OFFICE_CD=02501&padid=dealer_spt_store_list_company_02501,山形トヨタ自動車株式会社
https://toyota.jp/service/dealer/spt/search?CN=P&OFFICE_CD=12501&padid=dealer_spt_store_list_company_12501,山形トヨペット株式会社
https://toyota.jp/service/dealer/spt/search?CN=C&OFFICE_CD=32501&padid=dealer_spt_store_list_company_32501,トヨタカローラ山形株式会社
https://toyota.jp/service/dealer/spt/search?CN=N&OFFICE_CD=42501&padid=dealer_spt_store_list_company_42501,ネッツトヨタ山形株式会社
https://toyota.jp/service/dealer/spt/search?CN=T&OFFICE_CD=02601&padid=dealer_spt_store_list_company_02601,福島トヨタ自動車株式会社
https://toyota.jp/service/dealer/spt/search?CN=P&OFFICE_CD=12601&padid=dealer_spt_store_list_company_12601,福島トヨペット株式会社
https://toyota.jp/service/dealer/spt/search?CN=C&OFFICE_CD=32601&padid=dealer_spt_store_list_company_32601,トヨタカローラ福島株式会社
https://toyota.jp/service/dealer/spt/search?CN=C&OFFICE_CD=32602&padid=dealer_spt_store_list_company_32602,トヨタカローラいわき株式会社
https://toyota.jp/service/dealer/spt/search?CN=N&OFFICE_CD=42601&padid=dealer_spt_store_list_company_42601,ネッツトヨタ福島株式会社
https://toyota.jp/service/dealer/spt/search?CN=N&OFFICE_CD=52601&padid=dealer_spt_store_list_company_52601,ネッツトヨタノヴェルふくしま株式会社
https://toyota.jp/service/dealer/spt/search?CN=N&OFFICE_CD=42602&padid=dealer_spt_store_list_company_42602,ネッツトヨタ郡山株式会社
https://toyota.jp/service/dealer/spt/search?CN=T&OFFICE_CD=03101&padid=dealer_spt_store_list_company_03101,茨城トヨタ自動車株式会社
https://toyota.jp/service/dealer/spt/search?CN=P&OFFICE_CD=13101&padid=dealer_spt_store_list_company_13101,茨城トヨペット株式会社
https://toyota.jp/service/dealer/spt/search?CN=C&OFFICE_CD=33102&padid=dealer_spt_store_list_company_33102,トヨタカローラ新茨城株式会社
https://toyota.jp/service/dealer/spt/search?CN=C&OFFICE_CD=33103&padid=dealer_spt_store_list_company_33103,トヨタカローラ南茨城株式会社
https://toyota.jp/service/dealer/spt/search?CN=N&OFFICE_CD=43101&padid=dealer_spt_store_list_company_43101,ネッツトヨタ茨城株式会社
https://toyota.jp/service/dealer/spt/search?CN=N&OFFICE_CD=53101&padid=dealer_spt_store_list_company_53101,ネッツトヨタ水戸株式会社
https://toyota.jp/service/dealer/spt/search?CN=N&OFFICE_CD=53102&padid=dealer_spt_store_list_company_53102,ネッツトヨタつくば株式会社
https://toyota.jp/service/dealer/spt/search?CN=T&OFFICE_CD=03201&padid=dealer_spt_store_list_company_03201,栃木トヨタ自動車株式会社
https://toyota.jp/service/dealer/spt/search?CN=P&OFFICE_CD=13201&padid=dealer_spt_store_list_company_13201,栃木トヨペット株式会社
https://toyota.jp/service/dealer/spt/search?CN=C&OFFICE_CD=33201&padid=dealer_spt_store_list_company_33201,トヨタカローラ栃木株式会社
https://toyota.jp/service/dealer/spt/search?CN=N&OFFICE_CD=43201&padid=dealer_spt_store_list_company_43201,ネッツトヨタ栃木株式会社
https://toyota.jp/service/dealer/spt/search?CN=T&OFFICE_CD=03301&padid=dealer_spt_store_list_company_03301,群馬トヨタ自動車株式会社
https://toyota.jp/service/dealer/spt/search?CN=P&OFFICE_CD=13301&padid=dealer_spt_store_list_company_13301,群馬トヨペット株式会社
https://toyota.jp/service/dealer/spt/search?CN=C&OFFICE_CD=33301&padid=dealer_spt_store_list_company_33301,トヨタカローラ群馬株式会社
https://toyota.jp/service/dealer/spt/search?CN=C&OFFICE_CD=33302&padid=dealer_spt_store_list_company_33302,トヨタカローラ高崎株式会社
https://toyota.jp/service/dealer/spt/search?CN=N&OFFICE_CD=43301&padid=dealer_spt_store_list_company_43301,ネッツトヨタ群馬株式会社
https://toyota.jp/service/dealer/spt/search?CN=N&OFFICE_CD=53301&padid=dealer_spt_store_list_company_53301,ネッツトヨタ高崎株式会社
https://toyota.jp/service/dealer/spt/search?CN=T&OFFICE_CD=03401&padid=dealer_spt_store_list_company_03401,埼玉トヨタ自動車株式会社
https://toyota.jp/service/dealer/spt/search?CN=P&OFFICE_CD=13401&padid=dealer_spt_store_list_company_13401,埼玉トヨペット株式会社
https://toyota.jp/service/dealer/spt/search?CN=C&OFFICE_CD=33401&padid=dealer_spt_store_list_company_33401,トヨタカローラ埼玉株式会社
https://toyota.jp/service/dealer/spt/search?CN=C&OFFICE_CD=33402&padid=dealer_spt_store_list_company_33402,トヨタカローラ新埼玉株式会社
https://toyota.jp/service/dealer/spt/search?CN=N&OFFICE_CD=43401&padid=dealer_spt_store_list_company_43401,ネッツトヨタ東埼玉株式会社
https://toyota.jp/service/dealer/spt/search?CN=N&OFFICE_CD=43402&padid=dealer_spt_store_list_company_43402,ネッツトヨタ埼玉株式会社
https://toyota.jp/service/dealer/spt/search?CN=T&OFFICE_CD=03501&padid=dealer_spt_store_list_company_03501,千葉トヨタ自動車株式会社
https://toyota.jp/service/dealer/spt/search?CN=P&OFFICE_CD=13501&padid=dealer_spt_store_list_company_13501,千葉トヨペット株式会社
https://toyota.jp/service/dealer/spt/search?CN=C&OFFICE_CD=33501&padid=dealer_spt_store_list_company_33501,トヨタカローラ千葉株式会社
https://toyota.jp/service/dealer/spt/search?CN=N&OFFICE_CD=43501&padid=dealer_spt_store_list_company_43501,ネッツトヨタ千葉株式会社
https://toyota.jp/service/dealer/spt/search?CN=N1&OFFICE_CD=43602&padid=dealer_spt_store_list_company_43602,ネッツトヨタ東都株式会社
https://toyota.jp/service/dealer/spt/search?CN=M&OFFICE_CD=03601&padid=dealer_spt_store_list_company_03601,トヨタモビリティ東京株式会社
https://toyota.jp/service/dealer/spt/search?CN=N1&OFFICE_CD=43602&padid=dealer_spt_store_list_company_43602,ネッツトヨタ東都株式会社
https://toyota.jp/service/dealer/spt/search?CN=N1&OFFICE_CD=43604&padid=dealer_spt_store_list_company_43604,トヨタS＆D西東京
https://toyota.jp/service/dealer/spt/search?CN=T&OFFICE_CD=03701&padid=dealer_spt_store_list_company_03701,トヨタモビリティ神奈川
https://toyota.jp/service/dealer/spt/search?CN=P&OFFICE_CD=13701&padid=dealer_spt_store_list_company_13701,ウエインズトヨタ神奈川
https://toyota.jp/service/dealer/spt/search?CN=T&OFFICE_CD=03801&padid=dealer_spt_store_list_company_03801,新潟トヨタ自動車株式会社
https://toyota.jp/service/dealer/spt/search?CN=P&OFFICE_CD=13801&padid=dealer_spt_store_list_company_13801,新潟トヨペット株式会社
https://toyota.jp/service/dealer/spt/search?CN=C&OFFICE_CD=33801&padid=dealer_spt_store_list_company_33801,トヨタカローラ新潟株式会社
https://toyota.jp/service/dealer/spt/search?CN=C&OFFICE_CD=33802&padid=dealer_spt_store_list_company_33802,トヨタカローラ北越株式会社
https://toyota.jp/service/dealer/spt/search?CN=N&OFFICE_CD=43801&padid=dealer_spt_store_list_company_43801,ネッツトヨタ新潟株式会社
https://toyota.jp/service/dealer/spt/search?CN=N&OFFICE_CD=53802&padid=dealer_spt_store_list_company_53802,ネッツトヨタ越後株式会社
https://toyota.jp/service/dealer/spt/search?CN=T&OFFICE_CD=04101&padid=dealer_spt_store_list_company_04101,トヨタモビリティ富山株式会社
https://toyota.jp/service/dealer/spt/search?CN=C&OFFICE_CD=34101&padid=dealer_spt_store_list_company_34101,トヨタカローラ富山株式会社
https://toyota.jp/service/dealer/spt/search?CN=N&OFFICE_CD=44101&padid=dealer_spt_store_list_company_44101,ネッツトヨタ富山株式会社
https://toyota.jp/service/dealer/spt/search?CN=T&OFFICE_CD=04201&padid=dealer_spt_store_list_company_04201,石川トヨタ自動車株式会社
https://toyota.jp/service/dealer/spt/search?CN=P&OFFICE_CD=14201&padid=dealer_spt_store_list_company_14201,石川トヨペットカローラ
https://toyota.jp/service/dealer/spt/search?CN=N&OFFICE_CD=44201&padid=dealer_spt_store_list_company_44201,ネッツトヨタ石川株式会社
https://toyota.jp/service/dealer/spt/search?CN=T&OFFICE_CD=04301&padid=dealer_spt_store_list_company_04301,福井トヨタ自動車株式会社
https://toyota.jp/service/dealer/spt/search?CN=P&OFFICE_CD=14301&padid=dealer_spt_store_list_company_14301,福井トヨペット株式会社
https://toyota.jp/service/dealer/spt/search?CN=C&OFFICE_CD=34301&padid=dealer_spt_store_list_company_34301,トヨタカローラ福井株式会社
https://toyota.jp/service/dealer/spt/search?CN=N&OFFICE_CD=44301&padid=dealer_spt_store_list_company_44301,ネッツトヨタ福井株式会社
https://toyota.jp/service/dealer/spt/search?CN=T&OFFICE_CD=03901&padid=dealer_spt_store_list_company_03901,山梨トヨタ自動車株式会社
https://toyota.jp/service/dealer/spt/search?CN=P&OFFICE_CD=13901&padid=dealer_spt_store_list_company_13901,山梨トヨペット株式会社
https://toyota.jp/service/dealer/spt/search?CN=C&OFFICE_CD=33901&padid=dealer_spt_store_list_company_33901,トヨタカローラ山梨株式会社
https://toyota.jp/service/dealer/spt/search?CN=N&OFFICE_CD=43901&padid=dealer_spt_store_list_company_43901,ネッツトヨタ山梨株式会社
https://toyota.jp/service/dealer/spt/search?CN=N&OFFICE_CD=53901&padid=dealer_spt_store_list_company_53901,ネッツトヨタ甲斐株式会社
https://toyota.jp/service/dealer/spt/search?CN=T&OFFICE_CD=04401&padid=dealer_spt_store_list_company_04401,長野トヨタ
https://toyota.jp/service/dealer/spt/search?CN=C&OFFICE_CD=34402&padid=dealer_spt_store_list_company_34402,NTPトヨタ信州
https://toyota.jp/service/dealer/spt/search?CN=T&OFFICE_CD=04501&padid=dealer_spt_store_list_company_04501,岐阜トヨタ自動車株式会社
https://toyota.jp/service/dealer/spt/search?CN=P&OFFICE_CD=14501&padid=dealer_spt_store_list_company_14501,岐阜トヨペット株式会社
https://toyota.jp/service/dealer/spt/search?CN=N&OFFICE_CD=44501&padid=dealer_spt_store_list_company_44501,トヨタカローラネッツ岐阜
https://toyota.jp/service/dealer/spt/search?CN=T&OFFICE_CD=04601&padid=dealer_spt_store_list_company_04601,静岡トヨタ
https://toyota.jp/service/dealer/spt/search?CN=P&OFFICE_CD=14601&padid=dealer_spt_store_list_company_14601,トヨタユナイテッド静岡
https://toyota.jp/service/dealer/spt/search?CN=C&OFFICE_CD=34601&padid=dealer_spt_store_list_company_34601,トヨタカローラ静岡株式会社
https://toyota.jp/service/dealer/spt/search?CN=N&OFFICE_CD=44602&padid=dealer_spt_store_list_company_44602,ネッツトヨタ静岡株式会社
https://toyota.jp/service/dealer/spt/search?CN=N&OFFICE_CD=44601&padid=dealer_spt_store_list_company_44601,ネッツトヨタ浜松
https://toyota.jp/service/dealer/spt/search?CN=N&OFFICE_CD=54603&padid=dealer_spt_store_list_company_54603,ネッツトヨタ静浜株式会社
https://toyota.jp/service/dealer/spt/search?CN=T&OFFICE_CD=04701&padid=dealer_spt_store_list_company_04701,愛知トヨタ（尾張・名古屋地区）
https://toyota.jp/service/dealer/spt/search?CN=P&OFFICE_CD=14701&padid=dealer_spt_store_list_company_14701,ＮＴＰ名古屋トヨペット
https://toyota.jp/service/dealer/spt/search?CN=C&OFFICE_CD=34701&padid=dealer_spt_store_list_company_34701,トヨタモビリティ中京
https://toyota.jp/service/dealer/spt/search?CN=C&OFFICE_CD=34702&padid=dealer_spt_store_list_company_34702,トヨタカローラ愛知株式会社
https://toyota.jp/service/dealer/spt/search?CN=C&OFFICE_CD=34703&padid=dealer_spt_store_list_company_34703,トヨタカローラ名古屋株式会社
https://toyota.jp/service/dealer/spt/search?CN=N&OFFICE_CD=54701&padid=dealer_spt_store_list_company_54701,愛知トヨタ（知多・三河地区）
https://toyota.jp/service/dealer/spt/search?CN=N&OFFICE_CD=44701&padid=dealer_spt_store_list_company_44701,ネッツトヨタ中部株式会社
https://toyota.jp/service/dealer/spt/search?CN=N&OFFICE_CD=54702&padid=dealer_spt_store_list_company_54702,トヨタモビリティ東名古屋株式会社
https://toyota.jp/service/dealer/spt/search?CN=T&OFFICE_CD=04801&padid=dealer_spt_store_list_company_04801,三重トヨタ自動車株式会社
https://toyota.jp/service/dealer/spt/search?CN=P&OFFICE_CD=14801&padid=dealer_spt_store_list_company_14801,三重トヨペット株式会社
https://toyota.jp/service/dealer/spt/search?CN=C&OFFICE_CD=34801&padid=dealer_spt_store_list_company_34801,トヨタカローラ三重株式会社
https://toyota.jp/service/dealer/spt/search?CN=N&OFFICE_CD=44801&padid=dealer_spt_store_list_company_44801,ネッツトヨタ三重株式会社
https://toyota.jp/service/dealer/spt/search?CN=N&OFFICE_CD=54801&padid=dealer_spt_store_list_company_54801,ネッツトヨタノヴェル三重株式会社
https://toyota.jp/service/dealer/spt/search?CN=T&OFFICE_CD=05101&padid=dealer_spt_store_list_company_05101,株式会社滋賀トヨタ
https://toyota.jp/service/dealer/spt/search?CN=P&OFFICE_CD=15101&padid=dealer_spt_store_list_company_15101,トヨタモビリティ滋賀
https://toyota.jp/service/dealer/spt/search?CN=C&OFFICE_CD=35101&padid=dealer_spt_store_list_company_35101,トヨタカローラ滋賀株式会社
https://toyota.jp/service/dealer/spt/search?CN=N&OFFICE_CD=55101&padid=dealer_spt_store_list_company_55101,ネッツトヨタびわこ株式会社
https://toyota.jp/service/dealer/spt/search?CN=T&OFFICE_CD=05201&padid=dealer_spt_store_list_company_05201,京都トヨタ自動車株式会社
https://toyota.jp/service/dealer/spt/search?CN=P&OFFICE_CD=15201&padid=dealer_spt_store_list_company_15201,京都トヨペット株式会社
https://toyota.jp/service/dealer/spt/search?CN=C&OFFICE_CD=35203&padid=dealer_spt_store_list_company_35203,トヨタカローラ京都株式会社
https://toyota.jp/service/dealer/spt/search?CN=N&OFFICE_CD=45201&padid=dealer_spt_store_list_company_45201,ネッツトヨタ京都株式会社
https://toyota.jp/service/dealer/spt/search?CN=N&OFFICE_CD=55201&padid=dealer_spt_store_list_company_55201,ネッツトヨタ京華株式会社
https://toyota.jp/service/dealer/spt/search?CN=N&OFFICE_CD=45202&padid=dealer_spt_store_list_company_45202,ネッツトヨタヤサカ株式会社
https://toyota.jp/service/dealer/spt/search?CN=T2&OFFICE_CD=15301&padid=dealer_spt_store_list_company_15301,大阪トヨタ自動車株式会社
https://toyota.jp/service/dealer/spt/search?CN=P2&OFFICE_CD=05301&padid=dealer_spt_store_list_company_05301,大阪トヨペット株式会社
https://toyota.jp/service/dealer/spt/search?CN=C&OFFICE_CD=35301&padid=dealer_spt_store_list_company_35301,トヨタカローラ南海株式会社
https://toyota.jp/service/dealer/spt/search?CN=C&OFFICE_CD=35302&padid=dealer_spt_store_list_company_35302,トヨタカローラ大阪株式会社
https://toyota.jp/service/dealer/spt/search?CN=C&OFFICE_CD=35306&padid=dealer_spt_store_list_company_35306,トヨタモビリティ新大阪
https://toyota.jp/service/dealer/spt/search?CN=N&OFFICE_CD=55302&padid=dealer_spt_store_list_company_55302,ネッツトヨタニューリー北大阪株式会社
https://toyota.jp/service/dealer/spt/search?CN=N&OFFICE_CD=45302&padid=dealer_spt_store_list_company_45302,ネッツトヨタ大阪株式会社
https://toyota.jp/service/dealer/spt/search?CN=N&OFFICE_CD=45301&padid=dealer_spt_store_list_company_45301,ネッツトヨタ南海株式会社
https://toyota.jp/service/dealer/spt/search?CN=T&OFFICE_CD=05401&padid=dealer_spt_store_list_company_05401,兵庫トヨタ自動車株式会社
https://toyota.jp/service/dealer/spt/search?CN=P&OFFICE_CD=15401&padid=dealer_spt_store_list_company_15401,神戸トヨペット株式会社
https://toyota.jp/service/dealer/spt/search?CN=C&OFFICE_CD=35401&padid=dealer_spt_store_list_company_35401,トヨタカローラ神戸株式会社
https://toyota.jp/service/dealer/spt/search?CN=C&OFFICE_CD=35403&padid=dealer_spt_store_list_company_35403,トヨタカローラ姫路株式会社
https://toyota.jp/service/dealer/spt/search?CN=C&OFFICE_CD=35404&padid=dealer_spt_store_list_company_35404,トヨタカローラ兵庫株式会社
https://toyota.jp/service/dealer/spt/search?CN=N&OFFICE_CD=45402&padid=dealer_spt_store_list_company_45402,ネッツトヨタ神戸株式会社
https://toyota.jp/service/dealer/spt/search?CN=N&OFFICE_CD=55401&padid=dealer_spt_store_list_company_55401,ネッツトヨタゾナ神戸株式会社
https://toyota.jp/service/dealer/spt/search?CN=N&OFFICE_CD=45401&padid=dealer_spt_store_list_company_45401,ネッツトヨタ兵庫株式会社
https://toyota.jp/service/dealer/spt/search?CN=N&OFFICE_CD=55402&padid=dealer_spt_store_list_company_55402,ネッツトヨタウエスト兵庫株式会社
https://toyota.jp/service/dealer/spt/search?CN=T&OFFICE_CD=05601&padid=dealer_spt_store_list_company_05601,和歌山トヨタ自動車株式会社
https://toyota.jp/service/dealer/spt/search?CN=P&OFFICE_CD=15601&padid=dealer_spt_store_list_company_15601,和歌山トヨペット株式会社
https://toyota.jp/service/dealer/spt/search?CN=C&OFFICE_CD=35601&padid=dealer_spt_store_list_company_35601,トヨタカローラ和歌山株式会社
https://toyota.jp/service/dealer/spt/search?CN=N&OFFICE_CD=45601&padid=dealer_spt_store_list_company_45601,ネッツトヨタ和歌山株式会社
https://toyota.jp/service/dealer/spt/search?CN=T&OFFICE_CD=05501&padid=dealer_spt_store_list_company_05501,奈良トヨタ
https://toyota.jp/service/dealer/spt/search?CN=P&OFFICE_CD=15501&padid=dealer_spt_store_list_company_15501,奈良トヨペット ネッツトヨタ奈良
https://toyota.jp/service/dealer/spt/search?CN=T&OFFICE_CD=06101&padid=dealer_spt_store_list_company_06101,鳥取トヨタ自動車株式会社
https://toyota.jp/service/dealer/spt/search?CN=P&OFFICE_CD=16101&padid=dealer_spt_store_list_company_16101,鳥取トヨペット株式会社
https://toyota.jp/service/dealer/spt/search?CN=C&OFFICE_CD=36101&padid=dealer_spt_store_list_company_36101,トヨタカローラ鳥取株式会社
https://toyota.jp/service/dealer/spt/search?CN=N&OFFICE_CD=56201&padid=dealer_spt_store_list_company_56201,ネッツトヨタ鳥取株式会社
https://toyota.jp/service/dealer/spt/search?CN=T&OFFICE_CD=06201&padid=dealer_spt_store_list_company_06201,島根トヨタ自動車株式会社
https://toyota.jp/service/dealer/spt/search?CN=P&OFFICE_CD=16201&padid=dealer_spt_store_list_company_16201,島根トヨペット株式会社
https://toyota.jp/service/dealer/spt/search?CN=C&OFFICE_CD=36201&padid=dealer_spt_store_list_company_36201,トヨタカローラ島根株式会社
https://toyota.jp/service/dealer/spt/search?CN=N&OFFICE_CD=46201&padid=dealer_spt_store_list_company_46201,ネッツトヨタ島根株式会社
https://toyota.jp/service/dealer/spt/search?CN=T&OFFICE_CD=06301&padid=dealer_spt_store_list_company_06301,岡山トヨタ自動車株式会社
https://toyota.jp/service/dealer/spt/search?CN=P&OFFICE_CD=16301&padid=dealer_spt_store_list_company_16301,岡山トヨペット株式会社
https://toyota.jp/service/dealer/spt/search?CN=C&OFFICE_CD=36301&padid=dealer_spt_store_list_company_36301,トヨタカローラ岡山株式会社
https://toyota.jp/service/dealer/spt/search?CN=N&OFFICE_CD=46301&padid=dealer_spt_store_list_company_46301,ネッツトヨタ岡山株式会社
https://toyota.jp/service/dealer/spt/search?CN=N&OFFICE_CD=56301&padid=dealer_spt_store_list_company_56301,ネッツトヨタ山陽株式会社
https://toyota.jp/service/dealer/spt/search?CN=T&OFFICE_CD=06401&padid=dealer_spt_store_list_company_06401,広島トヨタ自動車株式会社
https://toyota.jp/service/dealer/spt/search?CN=P&OFFICE_CD=16401&padid=dealer_spt_store_list_company_16401,広島トヨペット株式会社
https://toyota.jp/service/dealer/spt/search?CN=C&OFFICE_CD=36401&padid=dealer_spt_store_list_company_36401,トヨタカローラ広島
https://toyota.jp/service/dealer/spt/search?CN=N&OFFICE_CD=46401&padid=dealer_spt_store_list_company_46401,ネッツトヨタ広島株式会社
https://toyota.jp/service/dealer/spt/search?CN=T&OFFICE_CD=06501&padid=dealer_spt_store_list_company_06501,山口トヨタ自動車株式会社
https://toyota.jp/service/dealer/spt/search?CN=P&OFFICE_CD=16501&padid=dealer_spt_store_list_company_16501,山口トヨペット株式会社
https://toyota.jp/service/dealer/spt/search?CN=C&OFFICE_CD=36501&padid=dealer_spt_store_list_company_36501,トヨタカローラ山口株式会社
https://toyota.jp/service/dealer/spt/search?CN=N&OFFICE_CD=46501&padid=dealer_spt_store_list_company_46501,ネッツトヨタ山口株式会社
https://toyota.jp/service/dealer/spt/search?CN=T&OFFICE_CD=07101&padid=dealer_spt_store_list_company_07101,徳島トヨタ自動車株式会社
https://toyota.jp/service/dealer/spt/search?CN=P&OFFICE_CD=17101&padid=dealer_spt_store_list_company_17101,徳島トヨペット株式会社
https://toyota.jp/service/dealer/spt/search?CN=C&OFFICE_CD=37101&padid=dealer_spt_store_list_company_37101,トヨタカローラ徳島株式会社
https://toyota.jp/service/dealer/spt/search?CN=N&OFFICE_CD=47101&padid=dealer_spt_store_list_company_47101,ネッツトヨタ徳島株式会社
https://toyota.jp/service/dealer/spt/search?CN=T&OFFICE_CD=07201&padid=dealer_spt_store_list_company_07201,香川トヨタ
https://toyota.jp/service/dealer/spt/search?CN=C&OFFICE_CD=37201&padid=dealer_spt_store_list_company_37201,トヨタカローラ香川株式会社
https://toyota.jp/service/dealer/spt/search?CN=N&OFFICE_CD=47201&padid=dealer_spt_store_list_company_47201,ネッツトヨタ香川株式会社
https://toyota.jp/service/dealer/spt/search?CN=N&OFFICE_CD=57201&padid=dealer_spt_store_list_company_57201,ネッツトヨタ高松株式会社
https://toyota.jp/service/dealer/spt/search?CN=T&OFFICE_CD=07301&padid=dealer_spt_store_list_company_07301,愛媛トヨタ自動車株式会社
https://toyota.jp/service/dealer/spt/search?CN=P&OFFICE_CD=17301&padid=dealer_spt_store_list_company_17301,愛媛トヨペット株式会社
https://toyota.jp/service/dealer/spt/search?CN=C&OFFICE_CD=37301&padid=dealer_spt_store_list_company_37301,トヨタカローラ愛媛株式会社
https://toyota.jp/service/dealer/spt/search?CN=N&OFFICE_CD=47301&padid=dealer_spt_store_list_company_47301,ネッツトヨタ愛媛株式会社
https://toyota.jp/service/dealer/spt/search?CN=N&OFFICE_CD=57301&padid=dealer_spt_store_list_company_57301,ネッツトヨタ瀬戸内株式会社
https://toyota.jp/service/dealer/spt/search?CN=T&OFFICE_CD=07401&padid=dealer_spt_store_list_company_07401,高知トヨタ自動車株式会社
https://toyota.jp/service/dealer/spt/search?CN=P&OFFICE_CD=17401&padid=dealer_spt_store_list_company_17401,高知トヨペット株式会社
https://toyota.jp/service/dealer/spt/search?CN=C&OFFICE_CD=37401&padid=dealer_spt_store_list_company_37401,トヨタカローラ高知株式会社
https://toyota.jp/service/dealer/spt/search?CN=N&OFFICE_CD=47401&padid=dealer_spt_store_list_company_47401,ネッツトヨタ高知株式会社
https://toyota.jp/service/dealer/spt/search?CN=N&OFFICE_CD=57401&padid=dealer_spt_store_list_company_57401,ネッツトヨタ南国株式会社
https://toyota.jp/service/dealer/spt/search?CN=T&OFFICE_CD=08101&padid=dealer_spt_store_list_company_08101,福岡トヨタ／長崎トヨタ
https://toyota.jp/service/dealer/spt/search?CN=P&OFFICE_CD=18101&padid=dealer_spt_store_list_company_18101,福岡トヨペット株式会社
https://toyota.jp/service/dealer/spt/search?CN=C&OFFICE_CD=38102&padid=dealer_spt_store_list_company_38102,トヨタカローラ博多株式会社
https://toyota.jp/service/dealer/spt/search?CN=C&OFFICE_CD=38103&padid=dealer_spt_store_list_company_38103,トヨタカローラ福岡株式会社
https://toyota.jp/service/dealer/spt/search?CN=N&OFFICE_CD=48102&padid=dealer_spt_store_list_company_48102,ネッツトヨタ北九州株式会社
https://toyota.jp/service/dealer/spt/search?CN=N&OFFICE_CD=48101&padid=dealer_spt_store_list_company_48101,ネッツトヨタ福岡株式会社
https://toyota.jp/service/dealer/spt/search?CN=N&OFFICE_CD=58102&padid=dealer_spt_store_list_company_58102,ネッツトヨタ西日本株式会社
https://toyota.jp/service/dealer/spt/search?CN=T&OFFICE_CD=08201&padid=dealer_spt_store_list_company_08201,佐賀トヨタ自動車
https://toyota.jp/service/dealer/spt/search?CN=P&OFFICE_CD=18201&padid=dealer_spt_store_list_company_18201,佐賀トヨペット株式会社
https://toyota.jp/service/dealer/spt/search?CN=C&OFFICE_CD=38201&padid=dealer_spt_store_list_company_38201,トヨタカローラ佐賀株式会社
https://toyota.jp/service/dealer/spt/search?CN=T&OFFICE_CD=08101&padid=dealer_spt_store_list_company_08101,福岡トヨタ／長崎トヨタ
https://toyota.jp/service/dealer/spt/search?CN=P&OFFICE_CD=18301&padid=dealer_spt_store_list_company_18301,長崎トヨペット株式会社
https://toyota.jp/service/dealer/spt/search?CN=C&OFFICE_CD=38301&padid=dealer_spt_store_list_company_38301,トヨタカローラ長崎株式会社
https://toyota.jp/service/dealer/spt/search?CN=N&OFFICE_CD=48301&padid=dealer_spt_store_list_company_48301,ネッツトヨタ長崎株式会社
https://toyota.jp/service/dealer/spt/search?CN=T&OFFICE_CD=08401&padid=dealer_spt_store_list_company_08401,熊本トヨタ自動車株式会社
https://toyota.jp/service/dealer/spt/search?CN=P&OFFICE_CD=18401&padid=dealer_spt_store_list_company_18401,熊本トヨペット株式会社
https://toyota.jp/service/dealer/spt/search?CN=C&OFFICE_CD=38401&padid=dealer_spt_store_list_company_38401,ユナイテッドトヨタ熊本株式会社
https://toyota.jp/service/dealer/spt/search?CN=N&OFFICE_CD=48401&padid=dealer_spt_store_list_company_48401,ネッツトヨタ熊本株式会社
https://toyota.jp/service/dealer/spt/search?CN=T&OFFICE_CD=08501&padid=dealer_spt_store_list_company_08501,大分トヨタ自動車株式会社
https://toyota.jp/service/dealer/spt/search?CN=P&OFFICE_CD=18501&padid=dealer_spt_store_list_company_18501,大分トヨペット株式会社
https://toyota.jp/service/dealer/spt/search?CN=C&OFFICE_CD=38501&padid=dealer_spt_store_list_company_38501,トヨタカローラ大分株式会社
https://toyota.jp/service/dealer/spt/search?CN=N&OFFICE_CD=48501&padid=dealer_spt_store_list_company_48501,ネッツトヨタ大分株式会社
https://toyota.jp/service/dealer/spt/search?CN=N&OFFICE_CD=58501&padid=dealer_spt_store_list_company_58501,ネッツトヨタ東九州株式会社
https://toyota.jp/service/dealer/spt/search?CN=T&OFFICE_CD=08601&padid=dealer_spt_store_list_company_08601,宮崎トヨタ
https://toyota.jp/service/dealer/spt/search?CN=P&OFFICE_CD=18601&padid=dealer_spt_store_list_company_18601,宮崎トヨペット株式会社
https://toyota.jp/service/dealer/spt/search?CN=T&OFFICE_CD=08701&padid=dealer_spt_store_list_company_08701,鹿児島トヨタ自動車株式会社
https://toyota.jp/service/dealer/spt/search?CN=P&OFFICE_CD=18701&padid=dealer_spt_store_list_company_18701,鹿児島トヨペット株式会社
https://toyota.jp/service/dealer/spt/search?CN=C&OFFICE_CD=38701&padid=dealer_spt_store_list_company_38701,トヨタカローラ鹿児島株式会社
https://toyota.jp/service/dealer/spt/search?CN=N&OFFICE_CD=48701&padid=dealer_spt_store_list_company_48701,ネッツトヨタ鹿児島株式会社
https://toyota.jp/service/dealer/spt/search?CN=N&OFFICE_CD=58701&padid=dealer_spt_store_list_company_58701,ネッツトヨタ南九州株式会社
https://toyota.jp/service/dealer/spt/search?CN=T3&OFFICE_CD=09101&padid=dealer_spt_store_list_company_09101,沖縄トヨタ自動車
