url,done
https://netz-taisetsu.co.jp,
https://obihiro.toyopet-dealer.jp/,
https://www.netz-asahikawa.jp/,
https://netz-morioka.co.jp/,
https://www.ekuruma.co.jp,
https://obihiro.corolla-dealer.jp/,
https://tm-kushiro.jp/,
https://hakodate.netz-toyota-dealer.jp/,
https://dohoku.corolla-dealer.jp/,
https://netz-kitami.jp/,
https://www.netz-sapporo.com/,
https://obihiro.netz-toyota-dealer.jp/,
https://www.kushirotoyota.jp/,
https://hakodate.corolla-dealer.jp/,
https://hakodate.toyopet-dealer.jp/,
https://www.netz-tomakomai.co.jp,
http://www.asahikawatoyota.jp/,
https://sapporotoyota.co.jp/,
https://asahikawa.corolla-dealer.jp,
https://www.hakodatetoyota.co.jp,
https://asahikawa.toyopet-dealer.jp/,
https://www.sapporo-toyopet.jp/,
https://netz946.com/,
https://www.corolla-tomakomai.co.jp/,
http://www.corolla-kitami.co.jp/,
https://www.kitami-toyopet.co.jp/,
https://www.netzdoto.jp/,
http://www.toyota-ca.co.jp/,
http://www.tsukahara-cruise.co.jp/corolla/,
https://netz-toyota-michinoku.jp/,
https://aomori-toyotagroup.jp/,
https://www.aomoritoyopet.jp/,
https://www.tsa-group.jp/,
https://www.netz-akita.co.jp/,
https://www.akita-toyota.co.jp/,
http://www.p-sendai.co.jp/,
https://www.miyagi-toyota.co.jp,
https://www.netz-sendai.jp/,
http://yamagata-toyopet.jp/,
http://www.tc-ymt.jp/,
https://netzyamagata.jp/,
http://ytj.jp,
https://www.fukushima-toyota.co.jp/,
https://fukushima-toyopet.co.jp/,
https://www.corolla-fukushima.jp/,
https://iwaki.corolla-dealer.jp/,
http://netzfukushima.com/,
http://www.novel-f.co.jp,
https://netz-kooriyama.co.jp,
https://www.ibaraki-toyota.jp/,
https://www.ibaraki-toyopet.co.jp/,
http://www.corolla-si.com/,
https://www.cmibaraki.jp,
https://netzibaraki.co.jp/,
http://www.netz-mito.co.jp/,
http://www.netz-tsukuba.co.jp,
https://www.tochigitoyota.com/,
https://tochigi.toyopet-dealer.jp/,
https://www.corolla-tochigi.co.jp/,
https://www.netztochigi.co.jp/,
https://gtoyota.com,
https://www.g-toyopet.jp,
https://www.corolla-gunma.co.jp/,
https://www.corolla-takasaki.jp/,
https://netzgunma.co.jp/,
https://www.netz-takasaki.com/,
https://www.saitamatoyota.co.jp/,
https://www.saitama-toyopet.co.jp/,
https://www.corolla-saitama.jp,
https://www.c-shinsaitama.co.jp/,
http://mynetz.jp/,
http://www.netz-saitama.com/,
http://www.chibatoyota.co.jp/,
https://www.chibatoyopet.co.jp/,
https://chiba.corolla.co.jp/,
https://www.netzchiba.com/,
http://www.netz-toto.com,
https://www.toyota-mobi-tokyo.co.jp,
https://www.toyota-sd-nishitokyo.co.jp,
https://www.toyota-mobility-kanagawa.jp/,
https://www.weins-toyota-kanagawa.co.jp,
http://www.niigata-toyota.co.jp/,
https://niigata.toyopet-dealer.jp/,
https://toyotacorolla-niigata.jp/,
https://corolla-hokuetsu.corolla-dealer.jp/,
http://www.netz-niigata.jp,
https://www.n-echigo.co.jp/,
https://toyota-mobi-toyama.jp/,
http://toyama.corolla-dealer.jp/,
http://www.netz-toyama.co.jp/,
http://www.ishikawatoyota.com/,
https://www.ishikawatoyopetcorolla.jp/,
https://www.netztoyota.co.jp/,
http://www.fukui-toyota.jp/,
https://fukuitp.com/,
http://www.corolla-fukui.jp/,
https://www.netzfukui.co.jp/,
https://www.yamanashi-toyota.jp/,
https://yamanashi-toyopet.jp/,
https://toyota-corolla-yamanashi.jp,
http://www.netz-yamanashi.com/,
https://www.netz-kai.co.jp/,
https://www.nagano-toyota.jp/,
https://www.ntp-toyota-shinshu.com/,
https://www.gifutoyota.co.jp/,
http://www.gifu-toyopet.jp/,
https://www.toyota-cn-gifu.co.jp/,
https://www.shizuokatoyota.co.jp/,
https://toyota-unitedshizuoka.co.jp/,
https://www.corolla-shizuoka.co.jp/,
http://www.netz-shizuoka.net,
http://www.netz-hamamatsu.jp,
http://netz-shizuhama.jp,
http://www.aichi-toyota.jp/,
https://nagoya.toyopet-dealer.jp,
https://www.tm-chukyo.co.jp,
http://www.c-aichi.co.jp/,
https://www.c-nagoya.co.jp/,
https://www.aichi-toyota.jp/,
https://www.netzchubu.co.jp/,
https://www.toyota-mobi-higashinagoya.jp/,
http://www.mie-toyota.co.jp,
http://www.mietoyopet.co.jp/,
http://corollamie.co.jp,
http://www.netzmie.com,
http://www.netz-novelmie.co.jp/,
https://shigatoyota.co.jp/,
https://toyota-mobi-shiga.jp/,
https://shiga.corolla-dealer.jp/,
https://netz-biwako.jp/,
https://kyoto-toyota.jp,
http://kyoto-toyopet.jp,
https://www.corolla-kyoto.com/,
https://www.netz-kyoto.co.jp/,
http://www.netz-kyoka.jp/,
https://www.netz-yasaka.com/,
https://osaka-toyota.jp/,
http://www.osaka-toyopet.jp/,
https://nankai.corolla-dealer.jp/,
http://www.c-osaka.com,
https://toyota-mobi-shinosaka.jp/,
https://www.netznewly.co.jp,
http://www.netz-osaka.co.jp/,
https://nankai.netz-toyota-dealer.jp,
https://www.hyogotoyota.co.jp,
http://www.kobetoyopet.com/,
https://www.c-kobe.co.jp/,
http://www.c-himeji.jp/,
http://www.c-hyogo.co.jp/,
https://www.netzkobe.co.jp/,
https://zona-kobe.jp,
https://www.netzhyogo.jp/,
https://www.netzwest.jp,
http://www.wakayama-toyota.jp,
https://www.wakayama-toyopet.jp/,
https://www.c-wakayama.co.jp/,
https://www.netz-w.com/,
https://www.toyota-utd-nara.com,
https://tottori.toyota-dealer.jp/,
https://tottori-toyopet.com/,
https://www.c-ttr.co.jp,
https://www.netz-tottori.jp/,
https://shimanetoyota.jp,
http://shimane.toyopet-dealer.jp,
https://www.c-smn.co.jp/,
http://www.n-smn.co.jp,
https://okayamatoyota.com/,
http://www.oktp.jp/,
https://www.corolla-okayama.com/,
https://www.netzokayama.com/,
https://www.netz-sanyo.jp,
http://www.hiroshima-toyota.co.jp,
https://www.h-toyopet.com/,
https://www.t-corolla.co.jp/,
http://www.netz-hiroshima.jp/,
https://www.yamaguchi-toyota.jp,
http://www.p-yamaguchi.co.jp/,
https://corolla-yamaguchi.com,
https://www.netzymc.co.jp/,
http://www.t-tokushima.jp,
https://www.p-tokushima.co.jp,
http://www.corolla-tokushima.co.jp/,
https://www.n-tokushima.jp/,
http://kagawa-toyota.jp,
https://www.orangetoyota.jp/,
https://www.netzkagawa.com/,
https://happynetz.co.jp,
https://www.ehime-toyota.co.jp/,
https://www.e-tp.jp,
http://toyota-corolla-ehime.jp/,
http://www.netz-ehime.co.jp/,
https://www.netzsetouchi.jp,
https://kochitoyota.co.jp/,
http://www.kochitoyopet.co.jp,
http://www.ck-toyota.co.jp/,
http://www.netz-kochi.co.jp/,
https://www.vistanetz.com,
https://www.fukuoka-toyota.jp/,
https://fukuoka-toyopet.jp,
https://www.corolla-hakata.jp/,
http://www.corolla-fukuoka.net,
https://www.hellonetz.com/,
https://netzfukuoka.jp/,
https://www.netz-nishinihon.jp,
https://www.sagatoyota.co.jp,
https://saga.toyopet-dealer.jp/,
https://www.corolla-saga.co.jp/,
http://nagasaki-toyopet.com/,
http://www.corolla-nagasaki.jp/,
https://www.netz-nagasaki.com/,
http://www.kumamoto-toyota.co.jp/,
http://www.kumamototoyopet.com,
http://www.united-toyotakumamoto.jp/,
http://www.netz-k.com/,
https://oita-toyota.jp,
http://www.oita-toyopet.com,
http://www.toyota.c-oita.co.jp,
https://netz-oita.co.jp/,
http://www.netz-higashikyushu.co.jp,
https://www.miyazakitoyota.jp/,
https://miyazaki.toyopet-dealer.jp/,
http://www.k-toyota.co.jp,
https://kagoshima.toyopet-dealer.jp/,
https://corolla-kagoshima.info/,
http://www.netz-kagoshima.jp,
https://www.netz-minamikyusyu.jp,
https://www.okinawa-toyota.co.jp/,