url,company,phone
https://toyota.jp/service/dealer/spt/search?CN=N&OFFICE_CD=51101&padid=dealer_spt_store_list_company_51101,ネッツトヨタたいせつ株式会社,
https://toyota.jp/service/dealer/spt/search?CN=P&OFFICE_CD=11501&padid=dealer_spt_store_list_company_11501,帯広トヨペット株式会社,
https://toyota.jp/service/dealer/spt/search?CN=N&OFFICE_CD=41101&padid=dealer_spt_store_list_company_41101,,
https://toyota.jp/service/dealer/spt/search?CN=N&OFFICE_CD=52201&padid=dealer_spt_store_list_company_52201,,
https://toyota.jp/service/dealer/spt/search?CN=C&OFFICE_CD=31201&padid=dealer_spt_store_list_company_31201,,
https://toyota.jp/service/dealer/spt/search?CN=C&OFFICE_CD=31501&padid=dealer_spt_store_list_company_31501,,
https://toyota.jp/service/dealer/spt/search?CN=P&OFFICE_CD=11401&padid=dealer_spt_store_list_company_11401,,
https://toyota.jp/service/dealer/spt/search?CN=N&OFFICE_CD=41301&padid=dealer_spt_store_list_company_41301,,
https://toyota.jp/service/dealer/spt/search?CN=C&OFFICE_CD=31102&padid=dealer_spt_store_list_company_31102,,
https://toyota.jp/service/dealer/spt/search?CN=N&OFFICE_CD=41601&padid=dealer_spt_store_list_company_41601,,
https://toyota.jp/service/dealer/spt/search?CN=N&OFFICE_CD=41201&padid=dealer_spt_store_list_company_41201,,
https://toyota.jp/service/dealer/spt/search?CN=N&OFFICE_CD=41501&padid=dealer_spt_store_list_company_41501,,
https://toyota.jp/service/dealer/spt/search?CN=T&OFFICE_CD=01401&padid=dealer_spt_store_list_company_01401,,
https://toyota.jp/service/dealer/spt/search?CN=C&OFFICE_CD=31301&padid=dealer_spt_store_list_company_31301,,
https://toyota.jp/service/dealer/spt/search?CN=P&OFFICE_CD=11301&padid=dealer_spt_store_list_company_11301,,
https://toyota.jp/service/dealer/spt/search?CN=N&OFFICE_CD=41701&padid=dealer_spt_store_list_company_41701,,
https://toyota.jp/service/dealer/spt/search?CN=T&OFFICE_CD=01101&padid=dealer_spt_store_list_company_01101,,
https://toyota.jp/service/dealer/spt/search?CN=T&OFFICE_CD=01201&padid=dealer_spt_store_list_company_01201,,
https://toyota.jp/service/dealer/spt/search?CN=C&OFFICE_CD=31101&padid=dealer_spt_store_list_company_31101,,
https://toyota.jp/service/dealer/spt/search?CN=T&OFFICE_CD=01301&padid=dealer_spt_store_list_company_01301,,
https://toyota.jp/service/dealer/spt/search?CN=P&OFFICE_CD=11101&padid=dealer_spt_store_list_company_11101,,
https://toyota.jp/service/dealer/spt/search?CN=P&OFFICE_CD=11201&padid=dealer_spt_store_list_company_11201,,
https://toyota.jp/service/dealer/spt/search?CN=N&OFFICE_CD=41401&padid=dealer_spt_store_list_company_41401,,
https://toyota.jp/service/dealer/spt/search?CN=C&OFFICE_CD=31701&padid=dealer_spt_store_list_company_31701,,
https://toyota.jp/service/dealer/spt/search?CN=C&OFFICE_CD=31601&padid=dealer_spt_store_list_company_31601,,
https://toyota.jp/service/dealer/spt/search?CN=P&OFFICE_CD=11601&padid=dealer_spt_store_list_company_11601,,
https://toyota.jp/service/dealer/spt/search?CN=N&OFFICE_CD=51201&padid=dealer_spt_store_list_company_51201,,
https://toyota.jp/service/dealer/spt/search?CN=C&OFFICE_CD=32101&padid=dealer_spt_store_list_company_32101,,
https://toyota.jp/service/dealer/spt/search?CN=C&OFFICE_CD=32102&padid=dealer_spt_store_list_company_32102,,
https://toyota.jp/service/dealer/spt/search?CN=N&OFFICE_CD=52101&padid=dealer_spt_store_list_company_52101,,
https://toyota.jp/service/dealer/spt/search?CN=T&OFFICE_CD=02101&padid=dealer_spt_store_list_company_02101,,
https://toyota.jp/service/dealer/spt/search?CN=N&OFFICE_CD=42101&padid=dealer_spt_store_list_company_42101,,
https://toyota.jp/service/dealer/spt/search?CN=P&OFFICE_CD=12101&padid=dealer_spt_store_list_company_12101,,
https://toyota.jp/service/dealer/spt/search?CN=P&OFFICE_CD=12401&padid=dealer_spt_store_list_company_12401,,
https://toyota.jp/service/dealer/spt/search?CN=N&OFFICE_CD=42401&padid=dealer_spt_store_list_company_42401,,
https://toyota.jp/service/dealer/spt/search?CN=T&OFFICE_CD=02401&padid=dealer_spt_store_list_company_02401,,
https://toyota.jp/service/dealer/spt/search?CN=C&OFFICE_CD=32401&padid=dealer_spt_store_list_company_32401,,
https://toyota.jp/service/dealer/spt/search?CN=P&OFFICE_CD=12301&padid=dealer_spt_store_list_company_12301,,
https://toyota.jp/service/dealer/spt/search?CN=T&OFFICE_CD=02301&padid=dealer_spt_store_list_company_02301,,
https://toyota.jp/service/dealer/spt/search?CN=N&OFFICE_CD=42301&padid=dealer_spt_store_list_company_42301,,
https://toyota.jp/service/dealer/spt/search?CN=P&OFFICE_CD=12501&padid=dealer_spt_store_list_company_12501,,
https://toyota.jp/service/dealer/spt/search?CN=C&OFFICE_CD=32501&padid=dealer_spt_store_list_company_32501,,
https://toyota.jp/service/dealer/spt/search?CN=N&OFFICE_CD=42501&padid=dealer_spt_store_list_company_42501,,
https://toyota.jp/service/dealer/spt/search?CN=T&OFFICE_CD=02501&padid=dealer_spt_store_list_company_02501,,
https://toyota.jp/service/dealer/spt/search?CN=T&OFFICE_CD=02601&padid=dealer_spt_store_list_company_02601,,
https://toyota.jp/service/dealer/spt/search?CN=P&OFFICE_CD=12601&padid=dealer_spt_store_list_company_12601,,
https://toyota.jp/service/dealer/spt/search?CN=C&OFFICE_CD=32601&padid=dealer_spt_store_list_company_32601,,
https://toyota.jp/service/dealer/spt/search?CN=C&OFFICE_CD=32602&padid=dealer_spt_store_list_company_32602,,
https://toyota.jp/service/dealer/spt/search?CN=N&OFFICE_CD=42601&padid=dealer_spt_store_list_company_42601,,
https://toyota.jp/service/dealer/spt/search?CN=N&OFFICE_CD=52601&padid=dealer_spt_store_list_company_52601,,
https://toyota.jp/service/dealer/spt/search?CN=N&OFFICE_CD=42602&padid=dealer_spt_store_list_company_42602,,
https://toyota.jp/service/dealer/spt/search?CN=T&OFFICE_CD=03101&padid=dealer_spt_store_list_company_03101,,
https://toyota.jp/service/dealer/spt/search?CN=P&OFFICE_CD=13101&padid=dealer_spt_store_list_company_13101,,
https://toyota.jp/service/dealer/spt/search?CN=C&OFFICE_CD=33102&padid=dealer_spt_store_list_company_33102,,
https://toyota.jp/service/dealer/spt/search?CN=C&OFFICE_CD=33103&padid=dealer_spt_store_list_company_33103,,
https://toyota.jp/service/dealer/spt/search?CN=N&OFFICE_CD=43101&padid=dealer_spt_store_list_company_43101,,
https://toyota.jp/service/dealer/spt/search?CN=N&OFFICE_CD=53101&padid=dealer_spt_store_list_company_53101,,
https://toyota.jp/service/dealer/spt/search?CN=N&OFFICE_CD=53102&padid=dealer_spt_store_list_company_53102,,
https://toyota.jp/service/dealer/spt/search?CN=T&OFFICE_CD=03201&padid=dealer_spt_store_list_company_03201,,
https://toyota.jp/service/dealer/spt/search?CN=P&OFFICE_CD=13201&padid=dealer_spt_store_list_company_13201,,
https://toyota.jp/service/dealer/spt/search?CN=C&OFFICE_CD=33201&padid=dealer_spt_store_list_company_33201,,
https://toyota.jp/service/dealer/spt/search?CN=N&OFFICE_CD=43201&padid=dealer_spt_store_list_company_43201,,
https://toyota.jp/service/dealer/spt/search?CN=T&OFFICE_CD=03301&padid=dealer_spt_store_list_company_03301,,
https://toyota.jp/service/dealer/spt/search?CN=P&OFFICE_CD=13301&padid=dealer_spt_store_list_company_13301,,
https://toyota.jp/service/dealer/spt/search?CN=C&OFFICE_CD=33301&padid=dealer_spt_store_list_company_33301,,
https://toyota.jp/service/dealer/spt/search?CN=C&OFFICE_CD=33302&padid=dealer_spt_store_list_company_33302,,
https://toyota.jp/service/dealer/spt/search?CN=N&OFFICE_CD=43301&padid=dealer_spt_store_list_company_43301,,
https://toyota.jp/service/dealer/spt/search?CN=N&OFFICE_CD=53301&padid=dealer_spt_store_list_company_53301,,
https://toyota.jp/service/dealer/spt/search?CN=T&OFFICE_CD=03401&padid=dealer_spt_store_list_company_03401,,
https://toyota.jp/service/dealer/spt/search?CN=P&OFFICE_CD=13401&padid=dealer_spt_store_list_company_13401,,
https://toyota.jp/service/dealer/spt/search?CN=C&OFFICE_CD=33401&padid=dealer_spt_store_list_company_33401,,
https://toyota.jp/service/dealer/spt/search?CN=C&OFFICE_CD=33402&padid=dealer_spt_store_list_company_33402,,
https://toyota.jp/service/dealer/spt/search?CN=N&OFFICE_CD=43401&padid=dealer_spt_store_list_company_43401,,
https://toyota.jp/service/dealer/spt/search?CN=N&OFFICE_CD=43402&padid=dealer_spt_store_list_company_43402,,
https://toyota.jp/service/dealer/spt/search?CN=T&OFFICE_CD=03501&padid=dealer_spt_store_list_company_03501,,
https://toyota.jp/service/dealer/spt/search?CN=P&OFFICE_CD=13501&padid=dealer_spt_store_list_company_13501,,
https://toyota.jp/service/dealer/spt/search?CN=C&OFFICE_CD=33501&padid=dealer_spt_store_list_company_33501,,
https://toyota.jp/service/dealer/spt/search?CN=N&OFFICE_CD=43501&padid=dealer_spt_store_list_company_43501,,
https://toyota.jp/service/dealer/spt/search?CN=N1&OFFICE_CD=43602&padid=dealer_spt_store_list_company_43602,,
https://toyota.jp/service/dealer/spt/search?CN=M&OFFICE_CD=03601&padid=dealer_spt_store_list_company_03601,,
https://toyota.jp/service/dealer/spt/search?CN=N1&OFFICE_CD=43604&padid=dealer_spt_store_list_company_43604,,
https://toyota.jp/service/dealer/spt/search?CN=T&OFFICE_CD=03701&padid=dealer_spt_store_list_company_03701,,
https://toyota.jp/service/dealer/spt/search?CN=P&OFFICE_CD=13701&padid=dealer_spt_store_list_company_13701,,
https://toyota.jp/service/dealer/spt/search?CN=T&OFFICE_CD=03801&padid=dealer_spt_store_list_company_03801,,
https://toyota.jp/service/dealer/spt/search?CN=P&OFFICE_CD=13801&padid=dealer_spt_store_list_company_13801,,
https://toyota.jp/service/dealer/spt/search?CN=C&OFFICE_CD=33801&padid=dealer_spt_store_list_company_33801,,
https://toyota.jp/service/dealer/spt/search?CN=C&OFFICE_CD=33802&padid=dealer_spt_store_list_company_33802,,
https://toyota.jp/service/dealer/spt/search?CN=N&OFFICE_CD=43801&padid=dealer_spt_store_list_company_43801,,
https://toyota.jp/service/dealer/spt/search?CN=N&OFFICE_CD=53802&padid=dealer_spt_store_list_company_53802,,
https://toyota.jp/service/dealer/spt/search?CN=T&OFFICE_CD=04101&padid=dealer_spt_store_list_company_04101,,
https://toyota.jp/service/dealer/spt/search?CN=C&OFFICE_CD=34101&padid=dealer_spt_store_list_company_34101,,
https://toyota.jp/service/dealer/spt/search?CN=N&OFFICE_CD=44101&padid=dealer_spt_store_list_company_44101,,
https://toyota.jp/service/dealer/spt/search?CN=T&OFFICE_CD=04201&padid=dealer_spt_store_list_company_04201,,
https://toyota.jp/service/dealer/spt/search?CN=P&OFFICE_CD=14201&padid=dealer_spt_store_list_company_14201,,
https://toyota.jp/service/dealer/spt/search?CN=N&OFFICE_CD=44201&padid=dealer_spt_store_list_company_44201,,
https://toyota.jp/service/dealer/spt/search?CN=T&OFFICE_CD=04301&padid=dealer_spt_store_list_company_04301,,
https://toyota.jp/service/dealer/spt/search?CN=P&OFFICE_CD=14301&padid=dealer_spt_store_list_company_14301,,
https://toyota.jp/service/dealer/spt/search?CN=C&OFFICE_CD=34301&padid=dealer_spt_store_list_company_34301,,
https://toyota.jp/service/dealer/spt/search?CN=N&OFFICE_CD=44301&padid=dealer_spt_store_list_company_44301,,
https://toyota.jp/service/dealer/spt/search?CN=T&OFFICE_CD=03901&padid=dealer_spt_store_list_company_03901,,
https://toyota.jp/service/dealer/spt/search?CN=P&OFFICE_CD=13901&padid=dealer_spt_store_list_company_13901,,
https://toyota.jp/service/dealer/spt/search?CN=C&OFFICE_CD=33901&padid=dealer_spt_store_list_company_33901,,
https://toyota.jp/service/dealer/spt/search?CN=N&OFFICE_CD=43901&padid=dealer_spt_store_list_company_43901,,
https://toyota.jp/service/dealer/spt/search?CN=N&OFFICE_CD=53901&padid=dealer_spt_store_list_company_53901,,
https://toyota.jp/service/dealer/spt/search?CN=T&OFFICE_CD=04401&padid=dealer_spt_store_list_company_04401,,
https://toyota.jp/service/dealer/spt/search?CN=C&OFFICE_CD=34402&padid=dealer_spt_store_list_company_34402,,
https://toyota.jp/service/dealer/spt/search?CN=T&OFFICE_CD=04501&padid=dealer_spt_store_list_company_04501,,
https://toyota.jp/service/dealer/spt/search?CN=P&OFFICE_CD=14501&padid=dealer_spt_store_list_company_14501,,
https://toyota.jp/service/dealer/spt/search?CN=N&OFFICE_CD=44501&padid=dealer_spt_store_list_company_44501,,
https://toyota.jp/service/dealer/spt/search?CN=T&OFFICE_CD=04601&padid=dealer_spt_store_list_company_04601,,
https://toyota.jp/service/dealer/spt/search?CN=P&OFFICE_CD=14601&padid=dealer_spt_store_list_company_14601,,
https://toyota.jp/service/dealer/spt/search?CN=C&OFFICE_CD=34601&padid=dealer_spt_store_list_company_34601,,
https://toyota.jp/service/dealer/spt/search?CN=N&OFFICE_CD=44602&padid=dealer_spt_store_list_company_44602,,
https://toyota.jp/service/dealer/spt/search?CN=N&OFFICE_CD=44601&padid=dealer_spt_store_list_company_44601,,
https://toyota.jp/service/dealer/spt/search?CN=N&OFFICE_CD=54603&padid=dealer_spt_store_list_company_54603,,
https://toyota.jp/service/dealer/spt/search?CN=T&OFFICE_CD=04701&padid=dealer_spt_store_list_company_04701,,
https://toyota.jp/service/dealer/spt/search?CN=P&OFFICE_CD=14701&padid=dealer_spt_store_list_company_14701,,
https://toyota.jp/service/dealer/spt/search?CN=C&OFFICE_CD=34701&padid=dealer_spt_store_list_company_34701,,
https://toyota.jp/service/dealer/spt/search?CN=C&OFFICE_CD=34702&padid=dealer_spt_store_list_company_34702,,
https://toyota.jp/service/dealer/spt/search?CN=C&OFFICE_CD=34703&padid=dealer_spt_store_list_company_34703,,
https://toyota.jp/service/dealer/spt/search?CN=N&OFFICE_CD=54701&padid=dealer_spt_store_list_company_54701,,
https://toyota.jp/service/dealer/spt/search?CN=N&OFFICE_CD=44701&padid=dealer_spt_store_list_company_44701,,
https://toyota.jp/service/dealer/spt/search?CN=N&OFFICE_CD=54702&padid=dealer_spt_store_list_company_54702,,
https://toyota.jp/service/dealer/spt/search?CN=T&OFFICE_CD=04801&padid=dealer_spt_store_list_company_04801,,
https://toyota.jp/service/dealer/spt/search?CN=P&OFFICE_CD=14801&padid=dealer_spt_store_list_company_14801,,
https://toyota.jp/service/dealer/spt/search?CN=C&OFFICE_CD=34801&padid=dealer_spt_store_list_company_34801,,
https://toyota.jp/service/dealer/spt/search?CN=N&OFFICE_CD=44801&padid=dealer_spt_store_list_company_44801,,
https://toyota.jp/service/dealer/spt/search?CN=N&OFFICE_CD=54801&padid=dealer_spt_store_list_company_54801,,
https://toyota.jp/service/dealer/spt/search?CN=T&OFFICE_CD=05101&padid=dealer_spt_store_list_company_05101,,
https://toyota.jp/service/dealer/spt/search?CN=P&OFFICE_CD=15101&padid=dealer_spt_store_list_company_15101,,
https://toyota.jp/service/dealer/spt/search?CN=C&OFFICE_CD=35101&padid=dealer_spt_store_list_company_35101,,
https://toyota.jp/service/dealer/spt/search?CN=N&OFFICE_CD=55101&padid=dealer_spt_store_list_company_55101,,
https://toyota.jp/service/dealer/spt/search?CN=T&OFFICE_CD=05201&padid=dealer_spt_store_list_company_05201,,
https://toyota.jp/service/dealer/spt/search?CN=P&OFFICE_CD=15201&padid=dealer_spt_store_list_company_15201,,
https://toyota.jp/service/dealer/spt/search?CN=C&OFFICE_CD=35203&padid=dealer_spt_store_list_company_35203,,
https://toyota.jp/service/dealer/spt/search?CN=N&OFFICE_CD=45201&padid=dealer_spt_store_list_company_45201,,
https://toyota.jp/service/dealer/spt/search?CN=N&OFFICE_CD=55201&padid=dealer_spt_store_list_company_55201,,
https://toyota.jp/service/dealer/spt/search?CN=N&OFFICE_CD=45202&padid=dealer_spt_store_list_company_45202,,
https://toyota.jp/service/dealer/spt/search?CN=T2&OFFICE_CD=15301&padid=dealer_spt_store_list_company_15301,,
https://toyota.jp/service/dealer/spt/search?CN=P2&OFFICE_CD=05301&padid=dealer_spt_store_list_company_05301,,
https://toyota.jp/service/dealer/spt/search?CN=C&OFFICE_CD=35301&padid=dealer_spt_store_list_company_35301,,
https://toyota.jp/service/dealer/spt/search?CN=C&OFFICE_CD=35302&padid=dealer_spt_store_list_company_35302,,
https://toyota.jp/service/dealer/spt/search?CN=C&OFFICE_CD=35306&padid=dealer_spt_store_list_company_35306,,
https://toyota.jp/service/dealer/spt/search?CN=N&OFFICE_CD=55302&padid=dealer_spt_store_list_company_55302,,
https://toyota.jp/service/dealer/spt/search?CN=N&OFFICE_CD=45302&padid=dealer_spt_store_list_company_45302,,
https://toyota.jp/service/dealer/spt/search?CN=N&OFFICE_CD=45301&padid=dealer_spt_store_list_company_45301,,
https://toyota.jp/service/dealer/spt/search?CN=T&OFFICE_CD=05401&padid=dealer_spt_store_list_company_05401,,
https://toyota.jp/service/dealer/spt/search?CN=P&OFFICE_CD=15401&padid=dealer_spt_store_list_company_15401,,
https://toyota.jp/service/dealer/spt/search?CN=C&OFFICE_CD=35401&padid=dealer_spt_store_list_company_35401,,
https://toyota.jp/service/dealer/spt/search?CN=C&OFFICE_CD=35403&padid=dealer_spt_store_list_company_35403,,
https://toyota.jp/service/dealer/spt/search?CN=C&OFFICE_CD=35404&padid=dealer_spt_store_list_company_35404,,
https://toyota.jp/service/dealer/spt/search?CN=N&OFFICE_CD=45402&padid=dealer_spt_store_list_company_45402,,
https://toyota.jp/service/dealer/spt/search?CN=N&OFFICE_CD=55401&padid=dealer_spt_store_list_company_55401,,
https://toyota.jp/service/dealer/spt/search?CN=N&OFFICE_CD=45401&padid=dealer_spt_store_list_company_45401,,
https://toyota.jp/service/dealer/spt/search?CN=N&OFFICE_CD=55402&padid=dealer_spt_store_list_company_55402,,
https://toyota.jp/service/dealer/spt/search?CN=T&OFFICE_CD=05601&padid=dealer_spt_store_list_company_05601,,
https://toyota.jp/service/dealer/spt/search?CN=P&OFFICE_CD=15601&padid=dealer_spt_store_list_company_15601,,
https://toyota.jp/service/dealer/spt/search?CN=C&OFFICE_CD=35601&padid=dealer_spt_store_list_company_35601,,
https://toyota.jp/service/dealer/spt/search?CN=N&OFFICE_CD=45601&padid=dealer_spt_store_list_company_45601,,
https://toyota.jp/service/dealer/spt/search?CN=P&OFFICE_CD=15501&padid=dealer_spt_store_list_company_15501,,
https://toyota.jp/service/dealer/spt/search?CN=T&OFFICE_CD=06101&padid=dealer_spt_store_list_company_06101,,
https://toyota.jp/service/dealer/spt/search?CN=P&OFFICE_CD=16101&padid=dealer_spt_store_list_company_16101,,
https://toyota.jp/service/dealer/spt/search?CN=C&OFFICE_CD=36101&padid=dealer_spt_store_list_company_36101,,
https://toyota.jp/service/dealer/spt/search?CN=N&OFFICE_CD=56201&padid=dealer_spt_store_list_company_56201,,
https://toyota.jp/service/dealer/spt/search?CN=T&OFFICE_CD=06201&padid=dealer_spt_store_list_company_06201,,
https://toyota.jp/service/dealer/spt/search?CN=P&OFFICE_CD=16201&padid=dealer_spt_store_list_company_16201,,
https://toyota.jp/service/dealer/spt/search?CN=C&OFFICE_CD=36201&padid=dealer_spt_store_list_company_36201,,
https://toyota.jp/service/dealer/spt/search?CN=N&OFFICE_CD=46201&padid=dealer_spt_store_list_company_46201,,
https://toyota.jp/service/dealer/spt/search?CN=T&OFFICE_CD=06301&padid=dealer_spt_store_list_company_06301,,
https://toyota.jp/service/dealer/spt/search?CN=P&OFFICE_CD=16301&padid=dealer_spt_store_list_company_16301,,
https://toyota.jp/service/dealer/spt/search?CN=C&OFFICE_CD=36301&padid=dealer_spt_store_list_company_36301,,
https://toyota.jp/service/dealer/spt/search?CN=N&OFFICE_CD=46301&padid=dealer_spt_store_list_company_46301,,
https://toyota.jp/service/dealer/spt/search?CN=N&OFFICE_CD=56301&padid=dealer_spt_store_list_company_56301,,
https://toyota.jp/service/dealer/spt/search?CN=T&OFFICE_CD=06401&padid=dealer_spt_store_list_company_06401,,
https://toyota.jp/service/dealer/spt/search?CN=P&OFFICE_CD=16401&padid=dealer_spt_store_list_company_16401,,
https://toyota.jp/service/dealer/spt/search?CN=C&OFFICE_CD=36401&padid=dealer_spt_store_list_company_36401,,
https://toyota.jp/service/dealer/spt/search?CN=N&OFFICE_CD=46401&padid=dealer_spt_store_list_company_46401,,
https://toyota.jp/service/dealer/spt/search?CN=T&OFFICE_CD=06501&padid=dealer_spt_store_list_company_06501,,
https://toyota.jp/service/dealer/spt/search?CN=P&OFFICE_CD=16501&padid=dealer_spt_store_list_company_16501,,
https://toyota.jp/service/dealer/spt/search?CN=C&OFFICE_CD=36501&padid=dealer_spt_store_list_company_36501,,
https://toyota.jp/service/dealer/spt/search?CN=N&OFFICE_CD=46501&padid=dealer_spt_store_list_company_46501,,
https://toyota.jp/service/dealer/spt/search?CN=T&OFFICE_CD=07101&padid=dealer_spt_store_list_company_07101,,
https://toyota.jp/service/dealer/spt/search?CN=P&OFFICE_CD=17101&padid=dealer_spt_store_list_company_17101,,
https://toyota.jp/service/dealer/spt/search?CN=C&OFFICE_CD=37101&padid=dealer_spt_store_list_company_37101,,
https://toyota.jp/service/dealer/spt/search?CN=N&OFFICE_CD=47101&padid=dealer_spt_store_list_company_47101,,
https://toyota.jp/service/dealer/spt/search?CN=T&OFFICE_CD=07201&padid=dealer_spt_store_list_company_07201,,
https://toyota.jp/service/dealer/spt/search?CN=C&OFFICE_CD=37201&padid=dealer_spt_store_list_company_37201,,
https://toyota.jp/service/dealer/spt/search?CN=N&OFFICE_CD=47201&padid=dealer_spt_store_list_company_47201,,
https://toyota.jp/service/dealer/spt/search?CN=N&OFFICE_CD=57201&padid=dealer_spt_store_list_company_57201,,
https://toyota.jp/service/dealer/spt/search?CN=T&OFFICE_CD=07301&padid=dealer_spt_store_list_company_07301,,
https://toyota.jp/service/dealer/spt/search?CN=P&OFFICE_CD=17301&padid=dealer_spt_store_list_company_17301,,
https://toyota.jp/service/dealer/spt/search?CN=C&OFFICE_CD=37301&padid=dealer_spt_store_list_company_37301,,
https://toyota.jp/service/dealer/spt/search?CN=N&OFFICE_CD=47301&padid=dealer_spt_store_list_company_47301,,
https://toyota.jp/service/dealer/spt/search?CN=N&OFFICE_CD=57301&padid=dealer_spt_store_list_company_57301,,
https://toyota.jp/service/dealer/spt/search?CN=T&OFFICE_CD=07401&padid=dealer_spt_store_list_company_07401,,
https://toyota.jp/service/dealer/spt/search?CN=P&OFFICE_CD=17401&padid=dealer_spt_store_list_company_17401,,
https://toyota.jp/service/dealer/spt/search?CN=C&OFFICE_CD=37401&padid=dealer_spt_store_list_company_37401,,
https://toyota.jp/service/dealer/spt/search?CN=N&OFFICE_CD=47401&padid=dealer_spt_store_list_company_47401,,
https://toyota.jp/service/dealer/spt/search?CN=N&OFFICE_CD=57401&padid=dealer_spt_store_list_company_57401,,
https://toyota.jp/service/dealer/spt/search?CN=T&OFFICE_CD=08101&padid=dealer_spt_store_list_company_08101,,
https://toyota.jp/service/dealer/spt/search?CN=P&OFFICE_CD=18101&padid=dealer_spt_store_list_company_18101,,
https://toyota.jp/service/dealer/spt/search?CN=C&OFFICE_CD=38102&padid=dealer_spt_store_list_company_38102,,
https://toyota.jp/service/dealer/spt/search?CN=C&OFFICE_CD=38103&padid=dealer_spt_store_list_company_38103,,
https://toyota.jp/service/dealer/spt/search?CN=N&OFFICE_CD=48102&padid=dealer_spt_store_list_company_48102,,
https://toyota.jp/service/dealer/spt/search?CN=N&OFFICE_CD=48101&padid=dealer_spt_store_list_company_48101,,
https://toyota.jp/service/dealer/spt/search?CN=N&OFFICE_CD=58102&padid=dealer_spt_store_list_company_58102,,
https://toyota.jp/service/dealer/spt/search?CN=T&OFFICE_CD=08201&padid=dealer_spt_store_list_company_08201,,
https://toyota.jp/service/dealer/spt/search?CN=P&OFFICE_CD=18201&padid=dealer_spt_store_list_company_18201,,
https://toyota.jp/service/dealer/spt/search?CN=C&OFFICE_CD=38201&padid=dealer_spt_store_list_company_38201,,
https://toyota.jp/service/dealer/spt/search?CN=P&OFFICE_CD=18301&padid=dealer_spt_store_list_company_18301,,
https://toyota.jp/service/dealer/spt/search?CN=C&OFFICE_CD=38301&padid=dealer_spt_store_list_company_38301,,
https://toyota.jp/service/dealer/spt/search?CN=N&OFFICE_CD=48301&padid=dealer_spt_store_list_company_48301,,
https://toyota.jp/service/dealer/spt/search?CN=T&OFFICE_CD=08401&padid=dealer_spt_store_list_company_08401,,
https://toyota.jp/service/dealer/spt/search?CN=P&OFFICE_CD=18401&padid=dealer_spt_store_list_company_18401,,
https://toyota.jp/service/dealer/spt/search?CN=C&OFFICE_CD=38401&padid=dealer_spt_store_list_company_38401,,
https://toyota.jp/service/dealer/spt/search?CN=N&OFFICE_CD=48401&padid=dealer_spt_store_list_company_48401,,
https://toyota.jp/service/dealer/spt/search?CN=T&OFFICE_CD=08501&padid=dealer_spt_store_list_company_08501,,
https://toyota.jp/service/dealer/spt/search?CN=P&OFFICE_CD=18501&padid=dealer_spt_store_list_company_18501,,
https://toyota.jp/service/dealer/spt/search?CN=C&OFFICE_CD=38501&padid=dealer_spt_store_list_company_38501,,
https://toyota.jp/service/dealer/spt/search?CN=N&OFFICE_CD=48501&padid=dealer_spt_store_list_company_48501,,
https://toyota.jp/service/dealer/spt/search?CN=N&OFFICE_CD=58501&padid=dealer_spt_store_list_company_58501,,
https://toyota.jp/service/dealer/spt/search?CN=T&OFFICE_CD=08601&padid=dealer_spt_store_list_company_08601,,
https://toyota.jp/service/dealer/spt/search?CN=P&OFFICE_CD=18601&padid=dealer_spt_store_list_company_18601,,
https://toyota.jp/service/dealer/spt/search?CN=T&OFFICE_CD=08701&padid=dealer_spt_store_list_company_08701,,
https://toyota.jp/service/dealer/spt/search?CN=P&OFFICE_CD=18701&padid=dealer_spt_store_list_company_18701,,
https://toyota.jp/service/dealer/spt/search?CN=C&OFFICE_CD=38701&padid=dealer_spt_store_list_company_38701,,
https://toyota.jp/service/dealer/spt/search?CN=N&OFFICE_CD=48701&padid=dealer_spt_store_list_company_48701,,
https://toyota.jp/service/dealer/spt/search?CN=N&OFFICE_CD=58701&padid=dealer_spt_store_list_company_58701,,
https://toyota.jp/service/dealer/spt/search?CN=T3&OFFICE_CD=09101&padid=dealer_spt_store_list_company_09101,,
https://toyota.jp/service/dealer/spt/search?CN=T&OFFICE_CD=02201&padid=dealer_spt_store_list_company_02201,,
https://toyota.jp/service/dealer/spt/search?CN=P&OFFICE_CD=12201&padid=dealer_spt_store_list_company_12201,,
https://toyota.jp/service/dealer/spt/search?CN=C&OFFICE_CD=32201&padid=dealer_spt_store_list_company_32201,,
https://toyota.jp/service/dealer/spt/search?CN=C&OFFICE_CD=32202&padid=dealer_spt_store_list_company_32202,,
https://toyota.jp/service/dealer/spt/search?CN=N&OFFICE_CD=42201&padid=dealer_spt_store_list_company_42201,,
https://toyota.jp/service/dealer/spt/search?CN=T&OFFICE_CD=05501&padid=dealer_spt_store_list_company_05501,,
